Workbook

Sheet LÉEME 🐔
A1: 🐔⚽ FIXTURE MUNDIAL 2026 — LA POLLA DE ALAMEDA (versión Excel) ⚽🐔
A3: Pa'l parcero al que le gusta el Excel más que el WhatsApp 😂. Este archivo hace la magia solo:
A5: 📋 HOJA 'FASE DE GRUPOS': escribe los goles en las casillas amarillas y…
A6: 📊 HOJA 'TABLAS': las posiciones de los 12 grupos se calculan SOLAS (puntos, goles, diferencia y posición). ¡No tocas nada!
A7: 🏆 HOJA 'ELIMINATORIAS': el cuadro completo desde 16avos hasta la final, con fechas y estadios (hora Colombia).
A9: ⚽ Recuerda: ganar = 3 pts, empate = 1, perder = 0. Clasifican los 2 primeros de cada grupo + los 8 mejores terceros.
A10: 📈 Si dos quedan iguales: desempata la diferencia de goles, luego los goles a favor.
A12: 🎯 ¿Quieres JUGAR la polla de verdad y ganar billete pa' la natillera? Esto es solo pa' practicar.
A13: La buena está en la app (te calcula puntos, te avisa morosos y trae hasta simulador): pollamundialnatillera.vercel.app
A15: Hecho con cariño por INPLUX SAS · prohibido copiarlo: la gallina tiene abogados 🐔⚖️

Sheet FASE DE GRUPOS
A1: 🐔 Escribe los goles SOLO en las columnas amarillas (GL = goles local · GV = goles visita)
A2: P# | B2: Grupo | C2: LOCAL | D2: GL | E2: GV | F2: VISITANTE | G2: Fecha (Col) | H2: Estadio
A3: 1 | B3: A | C3: México | F3: Sudáfrica | G3: jue 11 jun · 2:00 PM | H3: Mexico City Stadium
A4: 2 | B4: A | C4: Corea del Sur | F4: Chequia | G4: jue 11 jun · 9:00 PM | H4: Guadalajara Stadium
A5: 25 | B5: A | C5: Chequia | F5: Sudáfrica | G5: jue 18 jun · 11:00 AM | H5: Atlanta Stadium
A6: 28 | B6: A | C6: México | F6: Corea del Sur | G6: jue 18 jun · 8:00 PM | H6: Guadalajara Stadium
A7: 53 | B7: A | C7: Chequia | F7: México | G7: mié 24 jun · 8:00 PM | H7: Mexico City Stadium
A8: 54 | B8: A | C8: Sudáfrica | F8: Corea del Sur | G8: mié 24 jun · 8:00 PM | H8: Monterrey Stadium
A10: 3 | B10: B | C10: Canadá | F10: Bosnia | G10: vie 12 jun · 2:00 PM | H10: Toronto Stadium
A11: 8 | B11: B | C11: Catar | F11: Suiza | G11: sáb 13 jun · 2:00 PM | H11: San Francisco Bay Area Stadium
A12: 26 | B12: B | C12: Suiza | F12: Bosnia | G12: jue 18 jun · 2:00 PM | H12: Los Angeles Stadium
A13: 27 | B13: B | C13: Canadá | F13: Catar | G13: jue 18 jun · 5:00 PM | H13: BC Place Vancouver
A14: 51 | B14: B | C14: Suiza | F14: Canadá | G14: mié 24 jun · 2:00 PM | H14: BC Place Vancouver
A15: 52 | B15: B | C15: Bosnia | F15: Catar | G15: mié 24 jun · 2:00 PM | H15: Seattle Stadium
... A85: 68 | B85: L | C85: Croacia | F85: Ghana | G85: sáb 27 jun · 4:00 PM | H85: Philadelphia Stadium

Sheet TABLAS
A1: 📊 TABLAS DE POSICIONES — se llenan solas con los goles de la hoja anterior. Verde = clasifica 1º/2º.
A2: GRUPO A
A3: POS | B3: EQUIPO | C3: PJ | D3: G | E3: E | F3: P | G3: GF | H3: GC | I3: DIF | J3: PTS
A4: =1+SUMPRODUCT(($J$4:$J$7>$J$4)*1)+SUMPRODUCT(($J$4:$J$7=$J$4)*($I$4:$I$7>$I$4)*1)+SUMPRODUCT(($J$4:$J$7=$J$4)*($I$4:$I$7=$I$4)*($G$4:$G$7>$G$4)*1) | B4: México | C4: =SUMPRODUCT(('FASE DE GRUPOS'!$C$3:$C$8=$B$4)*('FASE DE GRUPOS'!$D$3:$D$8<>""))+SUMPRODUCT(('FASE DE GRUPOS'!$F$3:$F$8=$B$4)*('FASE DE GRUPOS'!$E$3:$E$8<>"")) | D4: =SUMPRODUCT(('FASE DE GRUPOS'!$C$3:$C$8=$B$4)*('FASE DE GRUPOS'!$D$3:$D$8>'FASE DE GRUPOS'!$E$3:$E$8)*('FASE DE GRUPOS'!$D$3:$D$8<>""))+SUMPRODUCT(('FASE DE GRUPOS'!$F$3:$F$8=$B$4)*('FASE DE GRUPOS'!$E$3:$E$8>'FASE DE GRUPOS'!$D$3:$D$8)*('FASE DE GRUPOS'!$E$3:$E$8<>"")) | E4: =SUMPRODUCT(('FASE DE GRUPOS'!$C$3:$C$8=$B$4)*('FASE DE GRUPOS'!$D$3:$D$8='FASE DE GRUPOS'!$E$3:$E$8)*('FASE DE GRUPOS'!$D$3:$D$8<>""))+SUMPRODUCT(('FASE DE GRUPOS'!$F$3:$F$8=$B$4)*('FASE DE GRUPOS'!$E$3:$E$8='FASE DE GRUPOS'!$D$3:$D$8)*('FASE DE GRUPOS'!$E$3:$E$8<>"")) | F4: =$C$4-$D$4-$E$4 | G4: =SUMPRODUCT(('FASE DE GRUPOS'!$C$3:$C$8=$B$4)*'FASE DE GRUPOS'!$D$3:$D$8)+SUMPRODUCT(('FASE DE GRUPOS'!$F$3:$F$8=$B$4)*'FASE DE GRUPOS'!$E$3:$E$8) | H4: =SUMPRODUCT(('FASE DE GRUPOS'!$C$3:$C$8=$B$4)*'FASE DE GRUPOS'!$E$3:$E$8)+SUMPRODUCT(('FASE DE GRUPOS'!$F$3:$F$8=$B$4)*'FASE DE GRUPOS'!$D$3:$D$8) | I4: =$G$4-$H$4 | J4: =3*$D$4+$E$4
A5: =1+SUMPRODUCT(($J$4:$J$7>$J$5)*1)+SUMPRODUCT(($J$4:$J$7=$J$5)*($I$4:$I$7>$I$5)*1)+SUMPRODUCT(($J$4:$J$7=$J$5)*($I$4:$I$7=$I$5)*($G$4:$G$7>$G$5)*1) | B5: Sudáfrica | C5: =SUMPRODUCT(('FASE DE GRUPOS'!$C$3:$C$8=$B$5)*('FASE DE GRUPOS'!$D$3:$D$8<>""))+SUMPRODUCT(('FASE DE GRUPOS'!$F$3:$F$8=$B$5)*('FASE DE GRUPOS'!$E$3:$E$8<>"")) | D5: =SUMPRODUCT(('FASE DE GRUPOS'!$C$3:$C$8=$B$5)*('FASE DE GRUPOS'!$D$3:$D$8>'FASE DE GRUPOS'!$E$3:$E$8)*('FASE DE GRUPOS'!$D$3:$D$8<>""))+SUMPRODUCT(('FASE DE GRUPOS'!$F$3:$F$8=$B$5)*('FASE DE GRUPOS'!$E$3:$E$8>'FASE DE GRUPOS'!$D$3:$D$8)*('FASE DE GRUPOS'!$E$3:$E$8<>"")) | E5: =SUMPRODUCT(('FASE DE GRUPOS'!$C$3:$C$8=$B$5)*('FASE DE GRUPOS'!$D$3:$D$8='FASE DE GRUPOS'!$E$3:$E$8)*('FASE DE GRUPOS'!$D$3:$D$8<>""))+SUMPRODUCT(('FASE DE GRUPOS'!$F$3:$F$8=$B$5)*('FASE DE GRUPOS'!$E$3:$E$8='FASE DE GRUPOS'!$D$3:$D$8)*('FASE DE GRUPOS'!$E$3:$E$8<>"")) | F5: =$C$5-$D$5-$E$5 | G5: =SUMPRODUCT(('FASE DE GRUPOS'!$C$3:$C$8=$B$5)*'FASE DE GRUPOS'!$D$3:$D$8)+SUMPRODUCT(('FASE DE GRUPOS'!$F$3:$F$8=$B$5)*'FASE DE GRUPOS'!$E$3:$E$8) | H5: =SUMPRODUCT(('FASE DE GRUPOS'!$C$3:$C$8=$B$5)*'FASE DE GRUPOS'!$E$3:$E$8)+SUMPRODUCT(('FASE DE GRUPOS'!$F$3:$F$8=$B$5)*'FASE DE GRUPOS'!$D$3:$D$8) | I5: =$G$5-$H$5 | J5: =3*$D$5+$E$5
A6: =1+SUMPRODUCT(($J$4:$J$7>$J$6)*1)+SUMPRODUCT(($J$4:$J$7=$J$6)*($I$4:$I$7>$I$6)*1)+SUMPRODUCT(($J$4:$J$7=$J$6)*($I$4:$I$7=$I$6)*($G$4:$G$7>$G$6)*1) | B6: Corea del Sur | C6: =SUMPRODUCT(('FASE DE GRUPOS'!$C$3:$C$8=$B$6)*('FASE DE GRUPOS'!$D$3:$D$8<>""))+SUMPRODUCT(('FASE DE GRUPOS'!$F$3:$F$8=$B$6)*('FASE DE GRUPOS'!$E$3:$E$8<>"")) | D6: =SUMPRODUCT(('FASE DE GRUPOS'!$C$3:$C$8=$B$6)*('FASE DE GRUPOS'!$D$3:$D$8>'FASE DE GRUPOS'!$E$3:$E$8)*('FASE DE GRUPOS'!$D$3:$D$8<>""))+SUMPRODUCT(('FASE DE GRUPOS'!$F$3:$F$8=$B$6)*('FASE DE GRUPOS'!$E$3:$E$8>'FASE DE GRUPOS'!$D$3:$D$8)*('FASE DE GRUPOS'!$E$3:$E$8<>"")) | E6: =SUMPRODUCT(('FASE DE GRUPOS'!$C$3:$C$8=$B$6)*('FASE DE GRUPOS'!$D$3:$D$8='FASE DE GRUPOS'!$E$3:$E$8)*('FASE DE GRUPOS'!$D$3:$D$8<>""))+SUMPRODUCT(('FASE DE GRUPOS'!$F$3:$F$8=$B$6)*('FASE DE GRUPOS'!$E$3:$E$8='FASE DE GRUPOS'!$D$3:$D$8)*('FASE DE GRUPOS'!$E$3:$E$8<>"")) | F6: =$C$6-$D$6-$E$6 | G6: =SUMPRODUCT(('FASE DE GRUPOS'!$C$3:$C$8=$B$6)*'FASE DE GRUPOS'!$D$3:$D$8)+SUMPRODUCT(('FASE DE GRUPOS'!$F$3:$F$8=$B$6)*'FASE DE GRUPOS'!$E$3:$E$8) | H6: =SUMPRODUCT(('FASE DE GRUPOS'!$C$3:$C$8=$B$6)*'FASE DE GRUPOS'!$E$3:$E$8)+SUMPRODUCT(('FASE DE GRUPOS'!$F$3:$F$8=$B$6)*'FASE DE GRUPOS'!$D$3:$D$8) | I6: =$G$6-$H$6 | J6: =3*$D$6+$E$6
A7: =1+SUMPRODUCT(($J$4:$J$7>$J$7)*1)+SUMPRODUCT(($J$4:$J$7=$J$7)*($I$4:$I$7>$I$7)*1)+SUMPRODUCT(($J$4:$J$7=$J$7)*($I$4:$I$7=$I$7)*($G$4:$G$7>$G$7)*1) | B7: Chequia | C7: =SUMPRODUCT(('FASE DE GRUPOS'!$C$3:$C$8=$B$7)*('FASE DE GRUPOS'!$D$3:$D$8<>""))+SUMPRODUCT(('FASE DE GRUPOS'!$F$3:$F$8=$B$7)*('FASE DE GRUPOS'!$E$3:$E$8<>"")) | D7: =SUMPRODUCT(('FASE DE GRUPOS'!$C$3:$C$8=$B$7)*('FASE DE GRUPOS'!$D$3:$D$8>'FASE DE GRUPOS'!$E$3:$E$8)*('FASE DE GRUPOS'!$D$3:$D$8<>""))+SUMPRODUCT(('FASE DE GRUPOS'!$F$3:$F$8=$B$7)*('FASE DE GRUPOS'!$E$3:$E$8>'FASE DE GRUPOS'!$D$3:$D$8)*('FASE DE GRUPOS'!$E$3:$E$8<>"")) | E7: =SUMPRODUCT(('FASE DE GRUPOS'!$C$3:$C$8=$B$7)*('FASE DE GRUPOS'!$D$3:$D$8='FASE DE GRUPOS'!$E$3:$E$8)*('FASE DE GRUPOS'!$D$3:$D$8<>""))+SUMPRODUCT(('FASE DE GRUPOS'!$F$3:$F$8=$B$7)*('FASE DE GRUPOS'!$E$3:$E$8='FASE DE GRUPOS'!$D$3:$D$8)*('FASE DE GRUPOS'!$E$3:$E$8<>"")) | F7: =$C$7-$D$7-$E$7 | G7: =SUMPRODUCT(('FASE DE GRUPOS'!$C$3:$C$8=$B$7)*'FASE DE GRUPOS'!$D$3:$D$8)+SUMPRODUCT(('FASE DE GRUPOS'!$F$3:$F$8=$B$7)*'FASE DE GRUPOS'!$E$3:$E$8) | H7: =SUMPRODUCT(('FASE DE GRUPOS'!$C$3:$C$8=$B$7)*'FASE DE GRUPOS'!$E$3:$E$8)+SUMPRODUCT(('FASE DE GRUPOS'!$F$3:$F$8=$B$7)*'FASE DE GRUPOS'!$D$3:$D$8) | I7: =$G$7-$H$7 | J7: =3*$D$7+$E$7
A9: GRUPO B
A10: POS | B10: EQUIPO | C10: PJ | D10: G | E10: E | F10: P | G10: GF | H10: GC | I10: DIF | J10: PTS
A11: =1+SUMPRODUCT(($J$11:$J$14>$J$11)*1)+SUMPRODUCT(($J$11:$J$14=$J$11)*($I$11:$I$14>$I$11)*1)+SUMPRODUCT(($J$11:$J$14=$J$11)*($I$11:$I$14=$I$11)*($G$11:$G$14>$G$11)*1) | B11: Canadá | C11: =SUMPRODUCT(('FASE DE GRUPOS'!$C$10:$C$15=$B$11)*('FASE DE GRUPOS'!$D$10:$D$15<>""))+SUMPRODUCT(('FASE DE GRUPOS'!$F$10:$F$15=$B$11)*('FASE DE GRUPOS'!$E$10:$E$15<>"")) | D11: =SUMPRODUCT(('FASE DE GRUPOS'!$C$10:$C$15=$B$11)*('FASE DE GRUPOS'!$D$10:$D$15>'FASE DE GRUPOS'!$E$10:$E$15)*('FASE DE GRUPOS'!$D$10:$D$15<>""))+SUMPRODUCT(('FASE DE GRUPOS'!$F$10:$F$15=$B$11)*('FASE DE GRUPOS'!$E$10:$E$15>'FASE DE GRUPOS'!$D$10:$D$15)*('FASE DE GRUPOS'!$E$10:$E$15<>"")) | E11: =SUMPRODUCT(('FASE DE GRUPOS'!$C$10:$C$15=$B$11)*('FASE DE GRUPOS'!$D$10:$D$15='FASE DE GRUPOS'!$E$10:$E$15)*('FASE DE GRUPOS'!$D$10:$D$15<>""))+SUMPRODUCT(('FASE DE GRUPOS'!$F$10:$F$15=$B$11)*('FASE DE GRUPOS'!$E$10:$E$15='FASE DE GRUPOS'!$D$10:$D$15)*('FASE DE GRUPOS'!$E$10:$E$15<>"")) | F11: =$C$11-$D$11-$E$11 | G11: =SUMPRODUCT(('FASE DE GRUPOS'!$C$10:$C$15=$B$11)*'FASE DE GRUPOS'!$D$10:$D$15)+SUMPRODUCT(('FASE DE GRUPOS'!$F$10:$F$15=$B$11)*'FASE DE GRUPOS'!$E$10:$E$15) | H11: =SUMPRODUCT(('FASE DE GRUPOS'!$C$10:$C$15=$B$11)*'FASE DE GRUPOS'!$E$10:$E$15)+SUMPRODUCT(('FASE DE GRUPOS'!$F$10:$F$15=$B$11)*'FASE DE GRUPOS'!$D$10:$D$15) | I11: =$G$11-$H$11 | J11: =3*$D$11+$E$11
A12: =1+SUMPRODUCT(($J$11:$J$14>$J$12)*1)+SUMPRODUCT(($J$11:$J$14=$J$12)*($I$11:$I$14>$I$12)*1)+SUMPRODUCT(($J$11:$J$14=$J$12)*($I$11:$I$14=$I$12)*($G$11:$G$14>$G$12)*1) | B12: Bosnia | C12: =SUMPRODUCT(('FASE DE GRUPOS'!$C$10:$C$15=$B$12)*('FASE DE GRUPOS'!$D$10:$D$15<>""))+SUMPRODUCT(('FASE DE GRUPOS'!$F$10:$F$15=$B$12)*('FASE DE GRUPOS'!$E$10:$E$15<>"")) | D12: =SUMPRODUCT(('FASE DE GRUPOS'!$C$10:$C$15=$B$12)*('FASE DE GRUPOS'!$D$10:$D$15>'FASE DE GRUPOS'!$E$10:$E$15)*('FASE DE GRUPOS'!$D$10:$D$15<>""))+SUMPRODUCT(('FASE DE GRUPOS'!$F$10:$F$15=$B$12)*('FASE DE GRUPOS'!$E$10:$E$15>'FASE DE GRUPOS'!$D$10:$D$15)*('FASE DE GRUPOS'!$E$10:$E$15<>"")) | E12: =SUMPRODUCT(('FASE DE GRUPOS'!$C$10:$C$15=$B$12)*('FASE DE GRUPOS'!$D$10:$D$15='FASE DE GRUPOS'!$E$10:$E$15)*('FASE DE GRUPOS'!$D$10:$D$15<>""))+SUMPRODUCT(('FASE DE GRUPOS'!$F$10:$F$15=$B$12)*('FASE DE GRUPOS'!$E$10:$E$15='FASE DE GRUPOS'!$D$10:$D$15)*('FASE DE GRUPOS'!$E$10:$E$15<>"")) | F12: =$C$12-$D$12-$E$12 | G12: =SUMPRODUCT(('FASE DE GRUPOS'!$C$10:$C$15=$B$12)*'FASE DE GRUPOS'!$D$10:$D$15)+SUMPRODUCT(('FASE DE GRUPOS'!$F$10:$F$15=$B$12)*'FASE DE GRUPOS'!$E$10:$E$15) | H12: =SUMPRODUCT(('FASE DE GRUPOS'!$C$10:$C$15=$B$12)*'FASE DE GRUPOS'!$E$10:$E$15)+SUMPRODUCT(('FASE DE GRUPOS'!$F$10:$F$15=$B$12)*'FASE DE GRUPOS'!$D$10:$D$15) | I12: =$G$12-$H$12 | J12: =3*$D$12+$E$12
A13: =1+SUMPRODUCT(($J$11:$J$14>$J$13)*1)+SUMPRODUCT(($J$11:$J$14=$J$13)*($I$11:$I$14>$I$13)*1)+SUMPRODUCT(($J$11:$J$14=$J$13)*($I$11:$I$14=$I$13)*($G$11:$G$14>$G$13)*1) | B13: Catar | C13: =SUMPRODUCT(('FASE DE GRUPOS'!$C$10:$C$15=$B$13)*('FASE DE GRUPOS'!$D$10:$D$15<>""))+SUMPRODUCT(('FASE DE GRUPOS'!$F$10:$F$15=$B$13)*('FASE DE GRUPOS'!$E$10:$E$15<>"")) | D13: =SUMPRODUCT(('FASE DE GRUPOS'!$C$10:$C$15=$B$13)*('FASE DE GRUPOS'!$D$10:$D$15>'FASE DE GRUPOS'!$E$10:$E$15)*('FASE DE GRUPOS'!$D$10:$D$15<>""))+SUMPRODUCT(('FASE DE GRUPOS'!$F$10:$F$15=$B$13)*('FASE DE GRUPOS'!$E$10:$E$15>'FASE DE GRUPOS'!$D$10:$D$15)*('FASE DE GRUPOS'!$E$10:$E$15<>"")) | E13: =SUMPRODUCT(('FASE DE GRUPOS'!$C$10:$C$15=$B$13)*('FASE DE GRUPOS'!$D$10:$D$15='FASE DE GRUPOS'!$E$10:$E$15)*('FASE DE GRUPOS'!$D$10:$D$15<>""))+SUMPRODUCT(('FASE DE GRUPOS'!$F$10:$F$15=$B$13)*('FASE DE GRUPOS'!$E$10:$E$15='FASE DE GRUPOS'!$D$10:$D$15)*('FASE DE GRUPOS'!$E$10:$E$15<>"")) | F13: =$C$13-$D$13-$E$13 | G13: =SUMPRODUCT(('FASE DE GRUPOS'!$C$10:$C$15=$B$13)*'FASE DE GRUPOS'!$D$10:$D$15)+SUMPRODUCT(('FASE DE GRUPOS'!$F$10:$F$15=$B$13)*'FASE DE GRUPOS'!$E$10:$E$15) | H13: =SUMPRODUCT(('FASE DE GRUPOS'!$C$10:$C$15=$B$13)*'FASE DE GRUPOS'!$E$10:$E$15)+SUMPRODUCT(('FASE DE GRUPOS'!$F$10:$F$15=$B$13)*'FASE DE GRUPOS'!$D$10:$D$15) | I13: =$G$13-$H$13 | J13: =3*$D$13+$E$13
A14: =1+SUMPRODUCT(($J$11:$J$14>$J$14)*1)+SUMPRODUCT(($J$11:$J$14=$J$14)*($I$11:$I$14>$I$14)*1)+SUMPRODUCT(($J$11:$J$14=$J$14)*($I$11:$I$14=$I$14)*($G$11:$G$14>$G$14)*1) | B14: Suiza | C14: =SUMPRODUCT(('FASE DE GRUPOS'!$C$10:$C$15=$B$14)*('FASE DE GRUPOS'!$D$10:$D$15<>""))+SUMPRODUCT(('FASE DE GRUPOS'!$F$10:$F$15=$B$14)*('FASE DE GRUPOS'!$E$10:$E$15<>"")) | D14: =SUMPRODUCT(('FASE DE GRUPOS'!$C$10:$C$15=$B$14)*('FASE DE GRUPOS'!$D$10:$D$15>'FASE DE GRUPOS'!$E$10:$E$15)*('FASE DE GRUPOS'!$D$10:$D$15<>""))+SUMPRODUCT(('FASE DE GRUPOS'!$F$10:$F$15=$B$14)*('FASE DE GRUPOS'!$E$10:$E$15>'FASE DE GRUPOS'!$D$10:$D$15)*('FASE DE GRUPOS'!$E$10:$E$15<>"")) | E14: =SUMPRODUCT(('FASE DE GRUPOS'!$C$10:$C$15=$B$14)*('FASE DE GRUPOS'!$D$10:$D$15='FASE DE GRUPOS'!$E$10:$E$15)*('FASE DE GRUPOS'!$D$10:$D$15<>""))+SUMPRODUCT(('FASE DE GRUPOS'!$F$10:$F$15=$B$14)*('FASE DE GRUPOS'!$E$10:$E$15='FASE DE GRUPOS'!$D$10:$D$15)*('FASE DE GRUPOS'!$E$10:$E$15<>"")) | F14: =$C$14-$D$14-$E$14 | G14: =SUMPRODUCT(('FASE DE GRUPOS'!$C$10:$C$15=$B$14)*'FASE DE GRUPOS'!$D$10:$D$15)+SUMPRODUCT(('FASE DE GRUPOS'!$F$10:$F$15=$B$14)*'FASE DE GRUPOS'!$E$10:$E$15) | H14: =SUMPRODUCT(('FASE DE GRUPOS'!$C$10:$C$15=$B$14)*'FASE DE GRUPOS'!$E$10:$E$15)+SUMPRODUCT(('FASE DE GRUPOS'!$F$10:$F$15=$B$14)*'FASE DE GRUPOS'!$D$10:$D$15) | I14: =$G$14-$H$14 | J14: =3*$D$14+$E$14
A16: GRUPO C
A17: POS | B17: EQUIPO | C17: PJ | D17: G | E17: E | F17: P | G17: GF | H17: GC | I17: DIF | J17: PTS
A18: =1+SUMPRODUCT(($J$18:$J$21>$J$18)*1)+SUMPRODUCT(($J$18:$J$21=$J$18)*($I$18:$I$21>$I$18)*1)+SUMPRODUCT(($J$18:$J$21=$J$18)*($I$18:$I$21=$I$18)*($G$18:$G$21>$G$18)*1) | B18: Brasil | C18: =SUMPRODUCT(('FASE DE GRUPOS'!$C$17:$C$22=$B$18)*('FASE DE GRUPOS'!$D$17:$D$22<>""))+SUMPRODUCT(('FASE DE GRUPOS'!$F$17:$F$22=$B$18)*('FASE DE GRUPOS'!$E$17:$E$22<>"")) | D18: =SUMPRODUCT(('FASE DE GRUPOS'!$C$17:$C$22=$B$18)*('FASE DE GRUPOS'!$D$17:$D$22>'FASE DE GRUPOS'!$E$17:$E$22)*('FASE DE GRUPOS'!$D$17:$D$22<>""))+SUMPRODUCT(('FASE DE GRUPOS'!$F$17:$F$22=$B$18)*('FASE DE GRUPOS'!$E$17:$E$22>'FASE DE GRUPOS'!$D$17:$D$22)*('FASE DE GRUPOS'!$E$17:$E$22<>"")) | E18: =SUMPRODUCT(('FASE DE GRUPOS'!$C$17:$C$22=$B$18)*('FASE DE GRUPOS'!$D$17:$D$22='FASE DE GRUPOS'!$E$17:$E$22)*('FASE DE GRUPOS'!$D$17:$D$22<>""))+SUMPRODUCT(('FASE DE GRUPOS'!$F$17:$F$22=$B$18)*('FASE DE GRUPOS'!$E$17:$E$22='FASE DE GRUPOS'!$D$17:$D$22)*('FASE DE GRUPOS'!$E$17:$E$22<>"")) | F18: =$C$18-$D$18-$E$18 | G18: =SUMPRODUCT(('FASE DE GRUPOS'!$C$17:$C$22=$B$18)*'FASE DE GRUPOS'!$D$17:$D$22)+SUMPRODUCT(('FASE DE GRUPOS'!$F$17:$F$22=$B$18)*'FASE DE GRUPOS'!$E$17:$E$22) | H18: =SUMPRODUCT(('FASE DE GRUPOS'!$C$17:$C$22=$B$18)*'FASE DE GRUPOS'!$E$17:$E$22)+SUMPRODUCT(('FASE DE GRUPOS'!$F$17:$F$22=$B$18)*'FASE DE GRUPOS'!$D$17:$D$22) | I18: =$G$18-$H$18 | J18: =3*$D$18+$E$18
A19: =1+SUMPRODUCT(($J$18:$J$21>$J$19)*1)+SUMPRODUCT(($J$18:$J$21=$J$19)*($I$18:$I$21>$I$19)*1)+SUMPRODUCT(($J$18:$J$21=$J$19)*($I$18:$I$21=$I$19)*($G$18:$G$21>$G$19)*1) | B19: Marruecos | C19: =SUMPRODUCT(('FASE DE GRUPOS'!$C$17:$C$22=$B$19)*('FASE DE GRUPOS'!$D$17:$D$22<>""))+SUMPRODUCT(('FASE DE GRUPOS'!$F$17:$F$22=$B$19)*('FASE DE GRUPOS'!$E$17:$E$22<>"")) | D19: =SUMPRODUCT(('FASE DE GRUPOS'!$C$17:$C$22=$B$19)*('FASE DE GRUPOS'!$D$17:$D$22>'FASE DE GRUPOS'!$E$17:$E$22)*('FASE DE GRUPOS'!$D$17:$D$22<>""))+SUMPRODUCT(('FASE DE GRUPOS'!$F$17:$F$22=$B$19)*('FASE DE GRUPOS'!$E$17:$E$22>'FASE DE GRUPOS'!$D$17:$D$22)*('FASE DE GRUPOS'!$E$17:$E$22<>"")) | E19: =SUMPRODUCT(('FASE DE GRUPOS'!$C$17:$C$22=$B$19)*('FASE DE GRUPOS'!$D$17:$D$22='FASE DE GRUPOS'!$E$17:$E$22)*('FASE DE GRUPOS'!$D$17:$D$22<>""))+SUMPRODUCT(('FASE DE GRUPOS'!$F$17:$F$22=$B$19)*('FASE DE GRUPOS'!$E$17:$E$22='FASE DE GRUPOS'!$D$17:$D$22)*('FASE DE GRUPOS'!$E$17:$E$22<>"")) | F19: =$C$19-$D$19-$E$19 | G19: =SUMPRODUCT(('FASE DE GRUPOS'!$C$17:$C$22=$B$19)*'FASE DE GRUPOS'!$D$17:$D$22)+SUMPRODUCT(('FASE DE GRUPOS'!$F$17:$F$22=$B$19)*'FASE DE GRUPOS'!$E$17:$E$22) | H19: =SUMPRODUCT(('FASE DE GRUPOS'!$C$17:$C$22=$B$19)*'FASE DE GRUPOS'!$E$17:$E$22)+SUMPRODUCT(('FASE DE GRUPOS'!$F$17:$F$22=$B$19)*'FASE DE GRUPOS'!$D$17:$D$22) | I19: =$G$19-$H$19 | J19: =3*$D$19+$E$19
A20: =1+SUMPRODUCT(($J$18:$J$21>$J$20)*1)+SUMPRODUCT(($J$18:$J$21=$J$20)*($I$18:$I$21>$I$20)*1)+SUMPRODUCT(($J$18:$J$21=$J$20)*($I$18:$I$21=$I$20)*($G$18:$G$21>$G$20)*1) | B20: Haití | C20: =SUMPRODUCT(('FASE DE GRUPOS'!$C$17:$C$22=$B$20)*('FASE DE GRUPOS'!$D$17:$D$22<>""))+SUMPRODUCT(('FASE DE GRUPOS'!$F$17:$F$22=$B$20)*('FASE DE GRUPOS'!$E$17:$E$22<>"")) | D20: =SUMPRODUCT(('FASE DE GRUPOS'!$C$17:$C$22=$B$20)*('FASE DE GRUPOS'!$D$17:$D$22>'FASE DE GRUPOS'!$E$17:$E$22)*('FASE DE GRUPOS'!$D$17:$D$22<>""))+SUMPRODUCT(('FASE DE GRUPOS'!$F$17:$F$22=$B$20)*('FASE DE GRUPOS'!$E$17:$E$22>'FASE DE GRUPOS'!$D$17:$D$22)*('FASE DE GRUPOS'!$E$17:$E$22<>"")) | E20: =SUMPRODUCT(('FASE DE GRUPOS'!$C$17:$C$22=$B$20)*('FASE DE GRUPOS'!$D$17:$D$22='FASE DE GRUPOS'!$E$17:$E$22)*('FASE DE GRUPOS'!$D$17:$D$22<>""))+SUMPRODUCT(('FASE DE GRUPOS'!$F$17:$F$22=$B$20)*('FASE DE GRUPOS'!$E$17:$E$22='FASE DE GRUPOS'!$D$17:$D$22)*('FASE DE GRUPOS'!$E$17:$E$22<>"")) | F20: =$C$20-$D$20-$E$20 | G20: =SUMPRODUCT(('FASE DE GRUPOS'!$C$17:$C$22=$B$20)*'FASE DE GRUPOS'!$D$17:$D$22)+SUMPRODUCT(('FASE DE GRUPOS'!$F$17:$F$22=$B$20)*'FASE DE GRUPOS'!$E$17:$E$22) | H20: =SUMPRODUCT(('FASE DE GRUPOS'!$C$17:$C$22=$B$20)*'FASE DE GRUPOS'!$E$17:$E$22)+SUMPRODUCT(('FASE DE GRUPOS'!$F$17:$F$22=$B$20)*'FASE DE GRUPOS'!$D$17:$D$22) | I20: =$G$20-$H$20 | J20: =3*$D$20+$E$20
A21: =1+SUMPRODUCT(($J$18:$J$21>$J$21)*1)+SUMPRODUCT(($J$18:$J$21=$J$21)*($I$18:$I$21>$I$21)*1)+SUMPRODUCT(($J$18:$J$21=$J$21)*($I$18:$I$21=$I$21)*($G$18:$G$21>$G$21)*1) | B21: Escocia | C21: =SUMPRODUCT(('FASE DE GRUPOS'!$C$17:$C$22=$B$21)*('FASE DE GRUPOS'!$D$17:$D$22<>""))+SUMPRODUCT(('FASE DE GRUPOS'!$F$17:$F$22=$B$21)*('FASE DE GRUPOS'!$E$17:$E$22<>"")) | D21: =SUMPRODUCT(('FASE DE GRUPOS'!$C$17:$C$22=$B$21)*('FASE DE GRUPOS'!$D$17:$D$22>'FASE DE GRUPOS'!$E$17:$E$22)*('FASE DE GRUPOS'!$D$17:$D$22<>""))+SUMPRODUCT(('FASE DE GRUPOS'!$F$17:$F$22=$B$21)*('FASE DE GRUPOS'!$E$17:$E$22>'FASE DE GRUPOS'!$D$17:$D$22)*('FASE DE GRUPOS'!$E$17:$E$22<>"")) | E21: =SUMPRODUCT(('FASE DE GRUPOS'!$C$17:$C$22=$B$21)*('FASE DE GRUPOS'!$D$17:$D$22='FASE DE GRUPOS'!$E$17:$E$22)*('FASE DE GRUPOS'!$D$17:$D$22<>""))+SUMPRODUCT(('FASE DE GRUPOS'!$F$17:$F$22=$B$21)*('FASE DE GRUPOS'!$E$17:$E$22='FASE DE GRUPOS'!$D$17:$D$22)*('FASE DE GRUPOS'!$E$17:$E$22<>"")) | F21: =$C$21-$D$21-$E$21 | G21: =SUMPRODUCT(('FASE DE GRUPOS'!$C$17:$C$22=$B$21)*'FASE DE GRUPOS'!$D$17:$D$22)+SUMPRODUCT(('FASE DE GRUPOS'!$F$17:$F$22=$B$21)*'FASE DE GRUPOS'!$E$17:$E$22) | H21: =SUMPRODUCT(('FASE DE GRUPOS'!$C$17:$C$22=$B$21)*'FASE DE GRUPOS'!$E$17:$E$22)+SUMPRODUCT(('FASE DE GRUPOS'!$F$17:$F$22=$B$21)*'FASE DE GRUPOS'!$D$17:$D$22) | I21: =$G$21-$H$21 | J21: =3*$D$21+$E$21
A23: GRUPO D
A24: POS | B24: EQUIPO | C24: PJ | D24: G | E24: E | F24: P | G24: GF | H24: GC | I24: DIF | J24: PTS
A25: =1+SUMPRODUCT(($J$25:$J$28>$J$25)*1)+SUMPRODUCT(($J$25:$J$28=$J$25)*($I$25:$I$28>$I$25)*1)+SUMPRODUCT(($J$25:$J$28=$J$25)*($I$25:$I$28=$I$25)*($G$25:$G$28>$G$25)*1) | B25: Estados Unidos | C25: =SUMPRODUCT(('FASE DE GRUPOS'!$C$24:$C$29=$B$25)*('FASE DE GRUPOS'!$D$24:$D$29<>""))+SUMPRODUCT(('FASE DE GRUPOS'!$F$24:$F$29=$B$25)*('FASE DE GRUPOS'!$E$24:$E$29<>"")) | D25: =SUMPRODUCT(('FASE DE GRUPOS'!$C$24:$C$29=$B$25)*('FASE DE GRUPOS'!$D$24:$D$29>'FASE DE GRUPOS'!$E$24:$E$29)*('FASE DE GRUPOS'!$D$24:$D$29<>""))+SUMPRODUCT(('FASE DE GRUPOS'!$F$24:$F$29=$B$25)*('FASE DE GRUPOS'!$E$24:$E$29>'FASE DE GRUPOS'!$D$24:$D$29)*('FASE DE GRUPOS'!$E$24:$E$29<>"")) | E25: =SUMPRODUCT(('FASE DE GRUPOS'!$C$24:$C$29=$B$25)*('FASE DE GRUPOS'!$D$24:$D$29='FASE DE GRUPOS'!$E$24:$E$29)*('FASE DE GRUPOS'!$D$24:$D$29<>""))+SUMPRODUCT(('FASE DE GRUPOS'!$F$24:$F$29=$B$25)*('FASE DE GRUPOS'!$E$24:$E$29='FASE DE GRUPOS'!$D$24:$D$29)*('FASE DE GRUPOS'!$E$24:$E$29<>"")) | F25: =$C$25-$D$25-$E$25 | G25: =SUMPRODUCT(('FASE DE GRUPOS'!$C$24:$C$29=$B$25)*'FASE DE GRUPOS'!$D$24:$D$29)+SUMPRODUCT(('FASE DE GRUPOS'!$F$24:$F$29=$B$25)*'FASE DE GRUPOS'!$E$24:$E$29) | H25: =SUMPRODUCT(('FASE DE GRUPOS'!$C$24:$C$29=$B$25)*'FASE DE GRUPOS'!$E$24:$E$29)+SUMPRODUCT(('FASE DE GRUPOS'!$F$24:$F$29=$B$25)*'FASE DE GRUPOS'!$D$24:$D$29) | I25: =$G$25-$H$25 | J25: =3*$D$25+$E$25
A26: =1+SUMPRODUCT(($J$25:$J$28>$J$26)*1)+SUMPRODUCT(($J$25:$J$28=$J$26)*($I$25:$I$28>$I$26)*1)+SUMPRODUCT(($J$25:$J$28=$J$26)*($I$25:$I$28=$I$26)*($G$25:$G$28>$G$26)*1) | B26: Paraguay | C26: =SUMPRODUCT(('FASE DE GRUPOS'!$C$24:$C$29=$B$26)*('FASE DE GRUPOS'!$D$24:$D$29<>""))+SUMPRODUCT(('FASE DE GRUPOS'!$F$24:$F$29=$B$26)*('FASE DE GRUPOS'!$E$24:$E$29<>"")) | D26: =SUMPRODUCT(('FASE DE GRUPOS'!$C$24:$C$29=$B$26)*('FASE DE GRUPOS'!$D$24:$D$29>'FASE DE GRUPOS'!$E$24:$E$29)*('FASE DE GRUPOS'!$D$24:$D$29<>""))+SUMPRODUCT(('FASE DE GRUPOS'!$F$24:$F$29=$B$26)*('FASE DE GRUPOS'!$E$24:$E$29>'FASE DE GRUPOS'!$D$24:$D$29)*('FASE DE GRUPOS'!$E$24:$E$29<>"")) | E26: =SUMPRODUCT(('FASE DE GRUPOS'!$C$24:$C$29=$B$26)*('FASE DE GRUPOS'!$D$24:$D$29='FASE DE GRUPOS'!$E$24:$E$29)*('FASE DE GRUPOS'!$D$24:$D$29<>""))+SUMPRODUCT(('FASE DE GRUPOS'!$F$24:$F$29=$B$26)*('FASE DE GRUPOS'!$E$24:$E$29='FASE DE GRUPOS'!$D$24:$D$29)*('FASE DE GRUPOS'!$E$24:$E$29<>"")) | F26: =$C$26-$D$26-$E$26 | G26: =SUMPRODUCT(('FASE DE GRUPOS'!$C$24:$C$29=$B$26)*'FASE DE GRUPOS'!$D$24:$D$29)+SUMPRODUCT(('FASE DE GRUPOS'!$F$24:$F$29=$B$26)*'FASE DE GRUPOS'!$E$24:$E$29) | H26: =SUMPRODUCT(('FASE DE GRUPOS'!$C$24:$C$29=$B$26)*'FASE DE GRUPOS'!$E$24:$E$29)+SUMPRODUCT(('FASE DE GRUPOS'!$F$24:$F$29=$B$26)*'FASE DE GRUPOS'!$D$24:$D$29) | I26: =$G$26-$H$26 | J26: =3*$D$26+$E$26
A27: =1+SUMPRODUCT(($J$25:$J$28>$J$27)*1)+SUMPRODUCT(($J$25:$J$28=$J$27)*($I$25:$I$28>$I$27)*1)+SUMPRODUCT(($J$25:$J$28=$J$27)*($I$25:$I$28=$I$27)*($G$25:$G$28>$G$27)*1) | B27: Australia | C27: =SUMPRODUCT(('FASE DE GRUPOS'!$C$24:$C$29=$B$27)*('FASE DE GRUPOS'!$D$24:$D$29<>""))+SUMPRODUCT(('FASE DE GRUPOS'!$F$24:$F$29=$B$27)*('FASE DE GRUPOS'!$E$24:$E$29<>"")) | D27: =SUMPRODUCT(('FASE DE GRUPOS'!$C$24:$C$29=$B$27)*('FASE DE GRUPOS'!$D$24:$D$29>'FASE DE GRUPOS'!$E$24:$E$29)*('FASE DE GRUPOS'!$D$24:$D$29<>""))+SUMPRODUCT(('FASE DE GRUPOS'!$F$24:$F$29=$B$27)*('FASE DE GRUPOS'!$E$24:$E$29>'FASE DE GRUPOS'!$D$24:$D$29)*('FASE DE GRUPOS'!$E$24:$E$29<>"")) | E27: =SUMPRODUCT(('FASE DE GRUPOS'!$C$24:$C$29=$B$27)*('FASE DE GRUPOS'!$D$24:$D$29='FASE DE GRUPOS'!$E$24:$E$29)*('FASE DE GRUPOS'!$D$24:$D$29<>""))+SUMPRODUCT(('FASE DE GRUPOS'!$F$24:$F$29=$B$27)*('FASE DE GRUPOS'!$E$24:$E$29='FASE DE GRUPOS'!$D$24:$D$29)*('FASE DE GRUPOS'!$E$24:$E$29<>"")) | F27: =$C$27-$D$27-$E$27 | G27: =SUMPRODUCT(('FASE DE GRUPOS'!$C$24:$C$29=$B$27)*'FASE DE GRUPOS'!$D$24:$D$29)+SUMPRODUCT(('FASE DE GRUPOS'!$F$24:$F$29=$B$27)*'FASE DE GRUPOS'!$E$24:$E$29) | H27: =SUMPRODUCT(('FASE DE GRUPOS'!$C$24:$C$29=$B$27)*'FASE DE GRUPOS'!$E$24:$E$29)+SUMPRODUCT(('FASE DE GRUPOS'!$F$24:$F$29=$B$27)*'FASE DE GRUPOS'!$D$24:$D$29) | I27: =$G$27-$H$27 | J27: =3*$D$27+$E$27
A28: =1+SUMPRODUCT(($J$25:$J$28>$J$28)*1)+SUMPRODUCT(($J$25:$J$28=$J$28)*($I$25:$I$28>$I$28)*1)+SUMPRODUCT(($J$25:$J$28=$J$28)*($I$25:$I$28=$I$28)*($G$25:$G$28>$G$28)*1) | B28: Turquía | C28: =SUMPRODUCT(('FASE DE GRUPOS'!$C$24:$C$29=$B$28)*('FASE DE GRUPOS'!$D$24:$D$29<>""))+SUMPRODUCT(('FASE DE GRUPOS'!$F$24:$F$29=$B$28)*('FASE DE GRUPOS'!$E$24:$E$29<>"")) | D28: =SUMPRODUCT(('FASE DE GRUPOS'!$C$24:$C$29=$B$28)*('FASE DE GRUPOS'!$D$24:$D$29>'FASE DE GRUPOS'!$E$24:$E$29)*('FASE DE GRUPOS'!$D$24:$D$29<>""))+SUMPRODUCT(('FASE DE GRUPOS'!$F$24:$F$29=$B$28)*('FASE DE GRUPOS'!$E$24:$E$29>'FASE DE GRUPOS'!$D$24:$D$29)*('FASE DE GRUPOS'!$E$24:$E$29<>"")) | E28: =SUMPRODUCT(('FASE DE GRUPOS'!$C$24:$C$29=$B$28)*('FASE DE GRUPOS'!$D$24:$D$29='FASE DE GRUPOS'!$E$24:$E$29)*('FASE DE GRUPOS'!$D$24:$D$29<>""))+SUMPRODUCT(('FASE DE GRUPOS'!$F$24:$F$29=$B$28)*('FASE DE GRUPOS'!$E$24:$E$29='FASE DE GRUPOS'!$D$24:$D$29)*('FASE DE GRUPOS'!$E$24:$E$29<>"")) | F28: =$C$28-$D$28-$E$28 | G28: =SUMPRODUCT(('FASE DE GRUPOS'!$C$24:$C$29=$B$28)*'FASE DE GRUPOS'!$D$24:$D$29)+SUMPRODUCT(('FASE DE GRUPOS'!$F$24:$F$29=$B$28)*'FASE DE GRUPOS'!$E$24:$E$29) | H28: =SUMPRODUCT(('FASE DE GRUPOS'!$C$24:$C$29=$B$28)*'FASE DE GRUPOS'!$E$24:$E$29)+SUMPRODUCT(('FASE DE GRUPOS'!$F$24:$F$29=$B$28)*'FASE DE GRUPOS'!$D$24:$D$29) | I28: =$G$28-$H$28 | J28: =3*$D$28+$E$28
A30: GRUPO E
A31: POS | B31: EQUIPO | C31: PJ | D31: G | E31: E | F31: P | G31: GF | H31: GC | I31: DIF | J31: PTS
A32: =1+SUMPRODUCT(($J$32:$J$35>$J$32)*1)+SUMPRODUCT(($J$32:$J$35=$J$32)*($I$32:$I$35>$I$32)*1)+SUMPRODUCT(($J$32:$J$35=$J$32)*($I$32:$I$35=$I$32)*($G$32:$G$35>$G$32)*1) | B32: Alemania | C32: =SUMPRODUCT(('FASE DE GRUPOS'!$C$31:$C$36=$B$32)*('FASE DE GRUPOS'!$D$31:$D$36<>""))+SUMPRODUCT(('FASE DE GRUPOS'!$F$31:$F$36=$B$32)*('FASE DE GRUPOS'!$E$31:$E$36<>"")) | D32: =SUMPRODUCT(('FASE DE GRUPOS'!$C$31:$C$36=$B$32)*('FASE DE GRUPOS'!$D$31:$D$36>'FASE DE GRUPOS'!$E$31:$E$36)*('FASE DE GRUPOS'!$D$31:$D$36<>""))+SUMPRODUCT(('FASE DE GRUPOS'!$F$31:$F$36=$B$32)*('FASE DE GRUPOS'!$E$31:$E$36>'FASE DE GRUPOS'!$D$31:$D$36)*('FASE DE GRUPOS'!$E$31:$E$36<>"")) | E32: =SUMPRODUCT(('FASE DE GRUPOS'!$C$31:$C$36=$B$32)*('FASE DE GRUPOS'!$D$31:$D$36='FASE DE GRUPOS'!$E$31:$E$36)*('FASE DE GRUPOS'!$D$31:$D$36<>""))+SUMPRODUCT(('FASE DE GRUPOS'!$F$31:$F$36=$B$32)*('FASE DE GRUPOS'!$E$31:$E$36='FASE DE GRUPOS'!$D$31:$D$36)*('FASE DE GRUPOS'!$E$31:$E$36<>"")) | F32: =$C$32-$D$32-$E$32 | G32: =SUMPRODUCT(('FASE DE GRUPOS'!$C$31:$C$36=$B$32)*'FASE DE GRUPOS'!$D$31:$D$36)+SUMPRODUCT(('FASE DE GRUPOS'!$F$31:$F$36=$B$32)*'FASE DE GRUPOS'!$E$31:$E$36) | H32: =SUMPRODUCT(('FASE DE GRUPOS'!$C$31:$C$36=$B$32)*'FASE DE GRUPOS'!$E$31:$E$36)+SUMPRODUCT(('FASE DE GRUPOS'!$F$31:$F$36=$B$32)*'FASE DE GRUPOS'!$D$31:$D$36) | I32: =$G$32-$H$32 | J32: =3*$D$32+$E$32
A33: =1+SUMPRODUCT(($J$32:$J$35>$J$33)*1)+SUMPRODUCT(($J$32:$J$35=$J$33)*($I$32:$I$35>$I$33)*1)+SUMPRODUCT(($J$32:$J$35=$J$33)*($I$32:$I$35=$I$33)*($G$32:$G$35>$G$33)*1) | B33: Curazao | C33: =SUMPRODUCT(('FASE DE GRUPOS'!$C$31:$C$36=$B$33)*('FASE DE GRUPOS'!$D$31:$D$36<>""))+SUMPRODUCT(('FASE DE GRUPOS'!$F$31:$F$36=$B$33)*('FASE DE GRUPOS'!$E$31:$E$36<>"")) | D33: =SUMPRODUCT(('FASE DE GRUPOS'!$C$31:$C$36=$B$33)*('FASE DE GRUPOS'!$D$31:$D$36>'FASE DE GRUPOS'!$E$31:$E$36)*('FASE DE GRUPOS'!$D$31:$D$36<>""))+SUMPRODUCT(('FASE DE GRUPOS'!$F$31:$F$36=$B$33)*('FASE DE GRUPOS'!$E$31:$E$36>'FASE DE GRUPOS'!$D$31:$D$36)*('FASE DE GRUPOS'!$E$31:$E$36<>"")) | E33: =SUMPRODUCT(('FASE DE GRUPOS'!$C$31:$C$36=$B$33)*('FASE DE GRUPOS'!$D$31:$D$36='FASE DE GRUPOS'!$E$31:$E$36)*('FASE DE GRUPOS'!$D$31:$D$36<>""))+SUMPRODUCT(('FASE DE GRUPOS'!$F$31:$F$36=$B$33)*('FASE DE GRUPOS'!$E$31:$E$36='FASE DE GRUPOS'!$D$31:$D$36)*('FASE DE GRUPOS'!$E$31:$E$36<>"")) | F33: =$C$33-$D$33-$E$33 | G33: =SUMPRODUCT(('FASE DE GRUPOS'!$C$31:$C$36=$B$33)*'FASE DE GRUPOS'!$D$31:$D$36)+SUMPRODUCT(('FASE DE GRUPOS'!$F$31:$F$36=$B$33)*'FASE DE GRUPOS'!$E$31:$E$36) | H33: =SUMPRODUCT(('FASE DE GRUPOS'!$C$31:$C$36=$B$33)*'FASE DE GRUPOS'!$E$31:$E$36)+SUMPRODUCT(('FASE DE GRUPOS'!$F$31:$F$36=$B$33)*'FASE DE GRUPOS'!$D$31:$D$36) | I33: =$G$33-$H$33 | J33: =3*$D$33+$E$33
A34: =1+SUMPRODUCT(($J$32:$J$35>$J$34)*1)+SUMPRODUCT(($J$32:$J$35=$J$34)*($I$32:$I$35>$I$34)*1)+SUMPRODUCT(($J$32:$J$35=$J$34)*($I$32:$I$35=$I$34)*($G$32:$G$35>$G$34)*1) | B34: Costa de Marfil | C34: =SUMPRODUCT(('FASE DE GRUPOS'!$C$31:$C$36=$B$34)*('FASE DE GRUPOS'!$D$31:$D$36<>""))+SUMPRODUCT(('FASE DE GRUPOS'!$F$31:$F$36=$B$34)*('FASE DE GRUPOS'!$E$31:$E$36<>"")) | D34: =SUMPRODUCT(('FASE DE GRUPOS'!$C$31:$C$36=$B$34)*('FASE DE GRUPOS'!$D$31:$D$36>'FASE DE GRUPOS'!$E$31:$E$36)*('FASE DE GRUPOS'!$D$31:$D$36<>""))+SUMPRODUCT(('FASE DE GRUPOS'!$F$31:$F$36=$B$34)*('FASE DE GRUPOS'!$E$31:$E$36>'FASE DE GRUPOS'!$D$31:$D$36)*('FASE DE GRUPOS'!$E$31:$E$36<>"")) | E34: =SUMPRODUCT(('FASE DE GRUPOS'!$C$31:$C$36=$B$34)*('FASE DE GRUPOS'!$D$31:$D$36='FASE DE GRUPOS'!$E$31:$E$36)*('FASE DE GRUPOS'!$D$31:$D$36<>""))+SUMPRODUCT(('FASE DE GRUPOS'!$F$31:$F$36=$B$34)*('FASE DE GRUPOS'!$E$31:$E$36='FASE DE GRUPOS'!$D$31:$D$36)*('FASE DE GRUPOS'!$E$31:$E$36<>"")) | F34: =$C$34-$D$34-$E$34 | G34: =SUMPRODUCT(('FASE DE GRUPOS'!$C$31:$C$36=$B$34)*'FASE DE GRUPOS'!$D$31:$D$36)+SUMPRODUCT(('FASE DE GRUPOS'!$F$31:$F$36=$B$34)*'FASE DE GRUPOS'!$E$31:$E$36) | H34: =SUMPRODUCT(('FASE DE GRUPOS'!$C$31:$C$36=$B$34)*'FASE DE GRUPOS'!$E$31:$E$36)+SUMPRODUCT(('FASE DE GRUPOS'!$F$31:$F$36=$B$34)*'FASE DE GRUPOS'!$D$31:$D$36) | I34: =$G$34-$H$34 | J34: =3*$D$34+$E$34
A35: =1+SUMPRODUCT(($J$32:$J$35>$J$35)*1)+SUMPRODUCT(($J$32:$J$35=$J$35)*($I$32:$I$35>$I$35)*1)+SUMPRODUCT(($J$32:$J$35=$J$35)*($I$32:$I$35=$I$35)*($G$32:$G$35>$G$35)*1) | B35: Ecuador | C35: =SUMPRODUCT(('FASE DE GRUPOS'!$C$31:$C$36=$B$35)*('FASE DE GRUPOS'!$D$31:$D$36<>""))+SUMPRODUCT(('FASE DE GRUPOS'!$F$31:$F$36=$B$35)*('FASE DE GRUPOS'!$E$31:$E$36<>"")) | D35: =SUMPRODUCT(('FASE DE GRUPOS'!$C$31:$C$36=$B$35)*('FASE DE GRUPOS'!$D$31:$D$36>'FASE DE GRUPOS'!$E$31:$E$36)*('FASE DE GRUPOS'!$D$31:$D$36<>""))+SUMPRODUCT(('FASE DE GRUPOS'!$F$31:$F$36=$B$35)*('FASE DE GRUPOS'!$E$31:$E$36>'FASE DE GRUPOS'!$D$31:$D$36)*('FASE DE GRUPOS'!$E$31:$E$36<>"")) | E35: =SUMPRODUCT(('FASE DE GRUPOS'!$C$31:$C$36=$B$35)*('FASE DE GRUPOS'!$D$31:$D$36='FASE DE GRUPOS'!$E$31:$E$36)*('FASE DE GRUPOS'!$D$31:$D$36<>""))+SUMPRODUCT(('FASE DE GRUPOS'!$F$31:$F$36=$B$35)*('FASE DE GRUPOS'!$E$31:$E$36='FASE DE GRUPOS'!$D$31:$D$36)*('FASE DE GRUPOS'!$E$31:$E$36<>"")) | F35: =$C$35-$D$35-$E$35 | G35: =SUMPRODUCT(('FASE DE GRUPOS'!$C$31:$C$36=$B$35)*'FASE DE GRUPOS'!$D$31:$D$36)+SUMPRODUCT(('FASE DE GRUPOS'!$F$31:$F$36=$B$35)*'FASE DE GRUPOS'!$E$31:$E$36) | H35: =SUMPRODUCT(('FASE DE GRUPOS'!$C$31:$C$36=$B$35)*'FASE DE GRUPOS'!$E$31:$E$36)+SUMPRODUCT(('FASE DE GRUPOS'!$F$31:$F$36=$B$35)*'FASE DE GRUPOS'!$D$31:$D$36) | I35: =$G$35-$H$35 | J35: =3*$D$35+$E$35
A37: GRUPO F
A38: POS | B38: EQUIPO | C38: PJ | D38: G | E38: E | F38: P | G38: GF | H38: GC | I38: DIF | J38: PTS
A39: =1+SUMPRODUCT(($J$39:$J$42>$J$39)*1)+SUMPRODUCT(($J$39:$J$42=$J$39)*($I$39:$I$42>$I$39)*1)+SUMPRODUCT(($J$39:$J$42=$J$39)*($I$39:$I$42=$I$39)*($G$39:$G$42>$G$39)*1) | B39: Países Bajos | C39: =SUMPRODUCT(('FASE DE GRUPOS'!$C$38:$C$43=$B$39)*('FASE DE GRUPOS'!$D$38:$D$43<>""))+SUMPRODUCT(('FASE DE GRUPOS'!$F$38:$F$43=$B$39)*('FASE DE GRUPOS'!$E$38:$E$43<>"")) | D39: =SUMPRODUCT(('FASE DE GRUPOS'!$C$38:$C$43=$B$39)*('FASE DE GRUPOS'!$D$38:$D$43>'FASE DE GRUPOS'!$E$38:$E$43)*('FASE DE GRUPOS'!$D$38:$D$43<>""))+SUMPRODUCT(('FASE DE GRUPOS'!$F$38:$F$43=$B$39)*('FASE DE GRUPOS'!$E$38:$E$43>'FASE DE GRUPOS'!$D$38:$D$43)*('FASE DE GRUPOS'!$E$38:$E$43<>"")) | E39: =SUMPRODUCT(('FASE DE GRUPOS'!$C$38:$C$43=$B$39)*('FASE DE GRUPOS'!$D$38:$D$43='FASE DE GRUPOS'!$E$38:$E$43)*('FASE DE GRUPOS'!$D$38:$D$43<>""))+SUMPRODUCT(('FASE DE GRUPOS'!$F$38:$F$43=$B$39)*('FASE DE GRUPOS'!$E$38:$E$43='FASE DE GRUPOS'!$D$38:$D$43)*('FASE DE GRUPOS'!$E$38:$E$43<>"")) | F39: =$C$39-$D$39-$E$39 | G39: =SUMPRODUCT(('FASE DE GRUPOS'!$C$38:$C$43=$B$39)*'FASE DE GRUPOS'!$D$38:$D$43)+SUMPRODUCT(('FASE DE GRUPOS'!$F$38:$F$43=$B$39)*'FASE DE GRUPOS'!$E$38:$E$43) | H39: =SUMPRODUCT(('FASE DE GRUPOS'!$C$38:$C$43=$B$39)*'FASE DE GRUPOS'!$E$38:$E$43)+SUMPRODUCT(('FASE DE GRUPOS'!$F$38:$F$43=$B$39)*'FASE DE GRUPOS'!$D$38:$D$43) | I39: =$G$39-$H$39 | J39: =3*$D$39+$E$39
A40: =1+SUMPRODUCT(($J$39:$J$42>$J$40)*1)+SUMPRODUCT(($J$39:$J$42=$J$40)*($I$39:$I$42>$I$40)*1)+SUMPRODUCT(($J$39:$J$42=$J$40)*($I$39:$I$42=$I$40)*($G$39:$G$42>$G$40)*1) | B40: Japón | C40: =SUMPRODUCT(('FASE DE GRUPOS'!$C$38:$C$43=$B$40)*('FASE DE GRUPOS'!$D$38:$D$43<>""))+SUMPRODUCT(('FASE DE GRUPOS'!$F$38:$F$43=$B$40)*('FASE DE GRUPOS'!$E$38:$E$43<>"")) | D40: =SUMPRODUCT(('FASE DE GRUPOS'!$C$38:$C$43=$B$40)*('FASE DE GRUPOS'!$D$38:$D$43>'FASE DE GRUPOS'!$E$38:$E$43)*('FASE DE GRUPOS'!$D$38:$D$43<>""))+SUMPRODUCT(('FASE DE GRUPOS'!$F$38:$F$43=$B$40)*('FASE DE GRUPOS'!$E$38:$E$43>'FASE DE GRUPOS'!$D$38:$D$43)*('FASE DE GRUPOS'!$E$38:$E$43<>"")) | E40: =SUMPRODUCT(('FASE DE GRUPOS'!$C$38:$C$43=$B$40)*('FASE DE GRUPOS'!$D$38:$D$43='FASE DE GRUPOS'!$E$38:$E$43)*('FASE DE GRUPOS'!$D$38:$D$43<>""))+SUMPRODUCT(('FASE DE GRUPOS'!$F$38:$F$43=$B$40)*('FASE DE GRUPOS'!$E$38:$E$43='FASE DE GRUPOS'!$D$38:$D$43)*('FASE DE GRUPOS'!$E$38:$E$43<>"")) | F40: =$C$40-$D$40-$E$40 | G40: =SUMPRODUCT(('FASE DE GRUPOS'!$C$38:$C$43=$B$40)*'FASE DE GRUPOS'!$D$38:$D$43)+SUMPRODUCT(('FASE DE GRUPOS'!$F$38:$F$43=$B$40)*'FASE DE GRUPOS'!$E$38:$E$43) | H40: =SUMPRODUCT(('FASE DE GRUPOS'!$C$38:$C$43=$B$40)*'FASE DE GRUPOS'!$E$38:$E$43)+SUMPRODUCT(('FASE DE GRUPOS'!$F$38:$F$43=$B$40)*'FASE DE GRUPOS'!$D$38:$D$43) | I40: =$G$40-$H$40 | J40: =3*$D$40+$E$40
A41: =1+SUMPRODUCT(($J$39:$J$42>$J$41)*1)+SUMPRODUCT(($J$39:$J$42=$J$41)*($I$39:$I$42>$I$41)*1)+SUMPRODUCT(($J$39:$J$42=$J$41)*($I$39:$I$42=$I$41)*($G$39:$G$42>$G$41)*1) | B41: Suecia | C41: =SUMPRODUCT(('FASE DE GRUPOS'!$C$38:$C$43=$B$41)*('FASE DE GRUPOS'!$D$38:$D$43<>""))+SUMPRODUCT(('FASE DE GRUPOS'!$F$38:$F$43=$B$41)*('FASE DE GRUPOS'!$E$38:$E$43<>"")) | D41: =SUMPRODUCT(('FASE DE GRUPOS'!$C$38:$C$43=$B$41)*('FASE DE GRUPOS'!$D$38:$D$43>'FASE DE GRUPOS'!$E$38:$E$43)*('FASE DE GRUPOS'!$D$38:$D$43<>""))+SUMPRODUCT(('FASE DE GRUPOS'!$F$38:$F$43=$B$41)*('FASE DE GRUPOS'!$E$38:$E$43>'FASE DE GRUPOS'!$D$38:$D$43)*('FASE DE GRUPOS'!$E$38:$E$43<>"")) | E41: =SUMPRODUCT(('FASE DE GRUPOS'!$C$38:$C$43=$B$41)*('FASE DE GRUPOS'!$D$38:$D$43='FASE DE GRUPOS'!$E$38:$E$43)*('FASE DE GRUPOS'!$D$38:$D$43<>""))+SUMPRODUCT(('FASE DE GRUPOS'!$F$38:$F$43=$B$41)*('FASE DE GRUPOS'!$E$38:$E$43='FASE DE GRUPOS'!$D$38:$D$43)*('FASE DE GRUPOS'!$E$38:$E$43<>"")) | F41: =$C$41-$D$41-$E$41 | G41: =SUMPRODUCT(('FASE DE GRUPOS'!$C$38:$C$43=$B$41)*'FASE DE GRUPOS'!$D$38:$D$43)+SUMPRODUCT(('FASE DE GRUPOS'!$F$38:$F$43=$B$41)*'FASE DE GRUPOS'!$E$38:$E$43) | H41: =SUMPRODUCT(('FASE DE GRUPOS'!$C$38:$C$43=$B$41)*'FASE DE GRUPOS'!$E$38:$E$43)+SUMPRODUCT(('FASE DE GRUPOS'!$F$38:$F$43=$B$41)*'FASE DE GRUPOS'!$D$38:$D$43) | I41: =$G$41-$H$41 | J41: =3*$D$41+$E$41
A42: =1+SUMPRODUCT(($J$39:$J$42>$J$42)*1)+SUMPRODUCT(($J$39:$J$42=$J$42)*($I$39:$I$42>$I$42)*1)+SUMPRODUCT(($J$39:$J$42=$J$42)*($I$39:$I$42=$I$42)*($G$39:$G$42>$G$42)*1) | B42: Túnez | C42: =SUMPRODUCT(('FASE DE GRUPOS'!$C$38:$C$43=$B$42)*('FASE DE GRUPOS'!$D$38:$D$43<>""))+SUMPRODUCT(('FASE DE GRUPOS'!$F$38:$F$43=$B$42)*('FASE DE GRUPOS'!$E$38:$E$43<>"")) | D42: =SUMPRODUCT(('FASE DE GRUPOS'!$C$38:$C$43=$B$42)*('FASE DE GRUPOS'!$D$38:$D$43>'FASE DE GRUPOS'!$E$38:$E$43)*('FASE DE GRUPOS'!$D$38:$D$43<>""))+SUMPRODUCT(('FASE DE GRUPOS'!$F$38:$F$43=$B$42)*('FASE DE GRUPOS'!$E$38:$E$43>'FASE DE GRUPOS'!$D$38:$D$43)*('FASE DE GRUPOS'!$E$38:$E$43<>"")) | E42: =SUMPRODUCT(('FASE DE GRUPOS'!$C$38:$C$43=$B$42)*('FASE DE GRUPOS'!$D$38:$D$43='FASE DE GRUPOS'!$E$38:$E$43)*('FASE DE GRUPOS'!$D$38:$D$43<>""))+SUMPRODUCT(('FASE DE GRUPOS'!$F$38:$F$43=$B$42)*('FASE DE GRUPOS'!$E$38:$E$43='FASE DE GRUPOS'!$D$38:$D$43)*('FASE DE GRUPOS'!$E$38:$E$43<>"")) | F42: =$C$42-$D$42-$E$42 | G42: =SUMPRODUCT(('FASE DE GRUPOS'!$C$38:$C$43=$B$42)*'FASE DE GRUPOS'!$D$38:$D$43)+SUMPRODUCT(('FASE DE GRUPOS'!$F$38:$F$43=$B$42)*'FASE DE GRUPOS'!$E$38:$E$43) | H42: =SUMPRODUCT(('FASE DE GRUPOS'!$C$38:$C$43=$B$42)*'FASE DE GRUPOS'!$E$38:$E$43)+SUMPRODUCT(('FASE DE GRUPOS'!$F$38:$F$43=$B$42)*'FASE DE GRUPOS'!$D$38:$D$43) | I42: =$G$42-$H$42 | J42: =3*$D$42+$E$42
A44: GRUPO G
A45: POS | B45: EQUIPO | C45: PJ | D45: G | E45: E | F45: P | G45: GF | H45: GC | I45: DIF | J45: PTS
A46: =1+SUMPRODUCT(($J$46:$J$49>$J$46)*1)+SUMPRODUCT(($J$46:$J$49=$J$46)*($I$46:$I$49>$I$46)*1)+SUMPRODUCT(($J$46:$J$49=$J$46)*($I$46:$I$49=$I$46)*($G$46:$G$49>$G$46)*1) | B46: Bélgica | C46: =SUMPRODUCT(('FASE DE GRUPOS'!$C$45:$C$50=$B$46)*('FASE DE GRUPOS'!$D$45:$D$50<>""))+SUMPRODUCT(('FASE DE GRUPOS'!$F$45:$F$50=$B$46)*('FASE DE GRUPOS'!$E$45:$E$50<>"")) | D46: =SUMPRODUCT(('FASE DE GRUPOS'!$C$45:$C$50=$B$46)*('FASE DE GRUPOS'!$D$45:$D$50>'FASE DE GRUPOS'!$E$45:$E$50)*('FASE DE GRUPOS'!$D$45:$D$50<>""))+SUMPRODUCT(('FASE DE GRUPOS'!$F$45:$F$50=$B$46)*('FASE DE GRUPOS'!$E$45:$E$50>'FASE DE GRUPOS'!$D$45:$D$50)*('FASE DE GRUPOS'!$E$45:$E$50<>"")) | E46: =SUMPRODUCT(('FASE DE GRUPOS'!$C$45:$C$50=$B$46)*('FASE DE GRUPOS'!$D$45:$D$50='FASE DE GRUPOS'!$E$45:$E$50)*('FASE DE GRUPOS'!$D$45:$D$50<>""))+SUMPRODUCT(('FASE DE GRUPOS'!$F$45:$F$50=$B$46)*('FASE DE GRUPOS'!$E$45:$E$50='FASE DE GRUPOS'!$D$45:$D$50)*('FASE DE GRUPOS'!$E$45:$E$50<>"")) | F46: =$C$46-$D$46-$E$46 | G46: =SUMPRODUCT(('FASE DE GRUPOS'!$C$45:$C$50=$B$46)*'FASE DE GRUPOS'!$D$45:$D$50)+SUMPRODUCT(('FASE DE GRUPOS'!$F$45:$F$50=$B$46)*'FASE DE GRUPOS'!$E$45:$E$50) | H46: =SUMPRODUCT(('FASE DE GRUPOS'!$C$45:$C$50=$B$46)*'FASE DE GRUPOS'!$E$45:$E$50)+SUMPRODUCT(('FASE DE GRUPOS'!$F$45:$F$50=$B$46)*'FASE DE GRUPOS'!$D$45:$D$50) | I46: =$G$46-$H$46 | J46: =3*$D$46+$E$46
A47: =1+SUMPRODUCT(($J$46:$J$49>$J$47)*1)+SUMPRODUCT(($J$46:$J$49=$J$47)*($I$46:$I$49>$I$47)*1)+SUMPRODUCT(($J$46:$J$49=$J$47)*($I$46:$I$49=$I$47)*($G$46:$G$49>$G$47)*1) | B47: Egipto | C47: =SUMPRODUCT(('FASE DE GRUPOS'!$C$45:$C$50=$B$47)*('FASE DE GRUPOS'!$D$45:$D$50<>""))+SUMPRODUCT(('FASE DE GRUPOS'!$F$45:$F$50=$B$47)*('FASE DE GRUPOS'!$E$45:$E$50<>"")) | D47: =SUMPRODUCT(('FASE DE GRUPOS'!$C$45:$C$50=$B$47)*('FASE DE GRUPOS'!$D$45:$D$50>'FASE DE GRUPOS'!$E$45:$E$50)*('FASE DE GRUPOS'!$D$45:$D$50<>""))+SUMPRODUCT(('FASE DE GRUPOS'!$F$45:$F$50=$B$47)*('FASE DE GRUPOS'!$E$45:$E$50>'FASE DE GRUPOS'!$D$45:$D$50)*('FASE DE GRUPOS'!$E$45:$E$50<>"")) | E47: =SUMPRODUCT(('FASE DE GRUPOS'!$C$45:$C$50=$B$47)*('FASE DE GRUPOS'!$D$45:$D$50='FASE DE GRUPOS'!$E$45:$E$50)*('FASE DE GRUPOS'!$D$45:$D$50<>""))+SUMPRODUCT(('FASE DE GRUPOS'!$F$45:$F$50=$B$47)*('FASE DE GRUPOS'!$E$45:$E$50='FASE DE GRUPOS'!$D$45:$D$50)*('FASE DE GRUPOS'!$E$45:$E$50<>"")) | F47: =$C$47-$D$47-$E$47 | G47: =SUMPRODUCT(('FASE DE GRUPOS'!$C$45:$C$50=$B$47)*'FASE DE GRUPOS'!$D$45:$D$50)+SUMPRODUCT(('FASE DE GRUPOS'!$F$45:$F$50=$B$47)*'FASE DE GRUPOS'!$E$45:$E$50) | H47: =SUMPRODUCT(('FASE DE GRUPOS'!$C$45:$C$50=$B$47)*'FASE DE GRUPOS'!$E$45:$E$50)+SUMPRODUCT(('FASE DE GRUPOS'!$F$45:$F$50=$B$47)*'FASE DE GRUPOS'!$D$45:$D$50) | I47: =$G$47-$H$47 | J47: =3*$D$47+$E$47
A48: =1+SUMPRODUCT(($J$46:$J$49>$J$48)*1)+SUMPRODUCT(($J$46:$J$49=$J$48)*($I$46:$I$49>$I$48)*1)+SUMPRODUCT(($J$46:$J$49=$J$48)*($I$46:$I$49=$I$48)*($G$46:$G$49>$G$48)*1) | B48: Irán | C48: =SUMPRODUCT(('FASE DE GRUPOS'!$C$45:$C$50=$B$48)*('FASE DE GRUPOS'!$D$45:$D$50<>""))+SUMPRODUCT(('FASE DE GRUPOS'!$F$45:$F$50=$B$48)*('FASE DE GRUPOS'!$E$45:$E$50<>"")) | D48: =SUMPRODUCT(('FASE DE GRUPOS'!$C$45:$C$50=$B$48)*('FASE DE GRUPOS'!$D$45:$D$50>'FASE DE GRUPOS'!$E$45:$E$50)*('FASE DE GRUPOS'!$D$45:$D$50<>""))+SUMPRODUCT(('FASE DE GRUPOS'!$F$45:$F$50=$B$48)*('FASE DE GRUPOS'!$E$45:$E$50>'FASE DE GRUPOS'!$D$45:$D$50)*('FASE DE GRUPOS'!$E$45:$E$50<>"")) | E48: =SUMPRODUCT(('FASE DE GRUPOS'!$C$45:$C$50=$B$48)*('FASE DE GRUPOS'!$D$45:$D$50='FASE DE GRUPOS'!$E$45:$E$50)*('FASE DE GRUPOS'!$D$45:$D$50<>""))+SUMPRODUCT(('FASE DE GRUPOS'!$F$45:$F$50=$B$48)*('FASE DE GRUPOS'!$E$45:$E$50='FASE DE GRUPOS'!$D$45:$D$50)*('FASE DE GRUPOS'!$E$45:$E$50<>"")) | F48: =$C$48-$D$48-$E$48 | G48: =SUMPRODUCT(('FASE DE GRUPOS'!$C$45:$C$50=$B$48)*'FASE DE GRUPOS'!$D$45:$D$50)+SUMPRODUCT(('FASE DE GRUPOS'!$F$45:$F$50=$B$48)*'FASE DE GRUPOS'!$E$45:$E$50) | H48: =SUMPRODUCT(('FASE DE GRUPOS'!$C$45:$C$50=$B$48)*'FASE DE GRUPOS'!$E$45:$E$50)+SUMPRODUCT(('FASE DE GRUPOS'!$F$45:$F$50=$B$48)*'FASE DE GRUPOS'!$D$45:$D$50) | I48: =$G$48-$H$48 | J48: =3*$D$48+$E$48
A49: =1+SUMPRODUCT(($J$46:$J$49>$J$49)*1)+SUMPRODUCT(($J$46:$J$49=$J$49)*($I$46:$I$49>$I$49)*1)+SUMPRODUCT(($J$46:$J$49=$J$49)*($I$46:$I$49=$I$49)*($G$46:$G$49>$G$49)*1) | B49: Nueva Zelanda | C49: =SUMPRODUCT(('FASE DE GRUPOS'!$C$45:$C$50=$B$49)*('FASE DE GRUPOS'!$D$45:$D$50<>""))+SUMPRODUCT(('FASE DE GRUPOS'!$F$45:$F$50=$B$49)*('FASE DE GRUPOS'!$E$45:$E$50<>"")) | D49: =SUMPRODUCT(('FASE DE GRUPOS'!$C$45:$C$50=$B$49)*('FASE DE GRUPOS'!$D$45:$D$50>'FASE DE GRUPOS'!$E$45:$E$50)*('FASE DE GRUPOS'!$D$45:$D$50<>""))+SUMPRODUCT(('FASE DE GRUPOS'!$F$45:$F$50=$B$49)*('FASE DE GRUPOS'!$E$45:$E$50>'FASE DE GRUPOS'!$D$45:$D$50)*('FASE DE GRUPOS'!$E$45:$E$50<>"")) | E49: =SUMPRODUCT(('FASE DE GRUPOS'!$C$45:$C$50=$B$49)*('FASE DE GRUPOS'!$D$45:$D$50='FASE DE GRUPOS'!$E$45:$E$50)*('FASE DE GRUPOS'!$D$45:$D$50<>""))+SUMPRODUCT(('FASE DE GRUPOS'!$F$45:$F$50=$B$49)*('FASE DE GRUPOS'!$E$45:$E$50='FASE DE GRUPOS'!$D$45:$D$50)*('FASE DE GRUPOS'!$E$45:$E$50<>"")) | F49: =$C$49-$D$49-$E$49 | G49: =SUMPRODUCT(('FASE DE GRUPOS'!$C$45:$C$50=$B$49)*'FASE DE GRUPOS'!$D$45:$D$50)+SUMPRODUCT(('FASE DE GRUPOS'!$F$45:$F$50=$B$49)*'FASE DE GRUPOS'!$E$45:$E$50) | H49: =SUMPRODUCT(('FASE DE GRUPOS'!$C$45:$C$50=$B$49)*'FASE DE GRUPOS'!$E$45:$E$50)+SUMPRODUCT(('FASE DE GRUPOS'!$F$45:$F$50=$B$49)*'FASE DE GRUPOS'!$D$45:$D$50) | I49: =$G$49-$H$49 | J49: =3*$D$49+$E$49
A51: GRUPO H
A52: POS | B52: EQUIPO | C52: PJ | D52: G | E52: E | F52: P | G52: GF | H52: GC | I52: DIF | J52: PTS
A53: =1+SUMPRODUCT(($J$53:$J$56>$J$53)*1)+SUMPRODUCT(($J$53:$J$56=$J$53)*($I$53:$I$56>$I$53)*1)+SUMPRODUCT(($J$53:$J$56=$J$53)*($I$53:$I$56=$I$53)*($G$53:$G$56>$G$53)*1) | B53: España | C53: =SUMPRODUCT(('FASE DE GRUPOS'!$C$52:$C$57=$B$53)*('FASE DE GRUPOS'!$D$52:$D$57<>""))+SUMPRODUCT(('FASE DE GRUPOS'!$F$52:$F$57=$B$53)*('FASE DE GRUPOS'!$E$52:$E$57<>"")) | D53: =SUMPRODUCT(('FASE DE GRUPOS'!$C$52:$C$57=$B$53)*('FASE DE GRUPOS'!$D$52:$D$57>'FASE DE GRUPOS'!$E$52:$E$57)*('FASE DE GRUPOS'!$D$52:$D$57<>""))+SUMPRODUCT(('FASE DE GRUPOS'!$F$52:$F$57=$B$53)*('FASE DE GRUPOS'!$E$52:$E$57>'FASE DE GRUPOS'!$D$52:$D$57)*('FASE DE GRUPOS'!$E$52:$E$57<>"")) | E53: =SUMPRODUCT(('FASE DE GRUPOS'!$C$52:$C$57=$B$53)*('FASE DE GRUPOS'!$D$52:$D$57='FASE DE GRUPOS'!$E$52:$E$57)*('FASE DE GRUPOS'!$D$52:$D$57<>""))+SUMPRODUCT(('FASE DE GRUPOS'!$F$52:$F$57=$B$53)*('FASE DE GRUPOS'!$E$52:$E$57='FASE DE GRUPOS'!$D$52:$D$57)*('FASE DE GRUPOS'!$E$52:$E$57<>"")) | F53: =$C$53-$D$53-$E$53 | G53: =SUMPRODUCT(('FASE DE GRUPOS'!$C$52:$C$57=$B$53)*'FASE DE GRUPOS'!$D$52:$D$57)+SUMPRODUCT(('FASE DE GRUPOS'!$F$52:$F$57=$B$53)*'FASE DE GRUPOS'!$E$52:$E$57) | H53: =SUMPRODUCT(('FASE DE GRUPOS'!$C$52:$C$57=$B$53)*'FASE DE GRUPOS'!$E$52:$E$57)+SUMPRODUCT(('FASE DE GRUPOS'!$F$52:$F$57=$B$53)*'FASE DE GRUPOS'!$D$52:$D$57) | I53: =$G$53-$H$53 | J53: =3*$D$53+$E$53
A54: =1+SUMPRODUCT(($J$53:$J$56>$J$54)*1)+SUMPRODUCT(($J$53:$J$56=$J$54)*($I$53:$I$56>$I$54)*1)+SUMPRODUCT(($J$53:$J$56=$J$54)*($I$53:$I$56=$I$54)*($G$53:$G$56>$G$54)*1) | B54: Cabo Verde | C54: =SUMPRODUCT(('FASE DE GRUPOS'!$C$52:$C$57=$B$54)*('FASE DE GRUPOS'!$D$52:$D$57<>""))+SUMPRODUCT(('FASE DE GRUPOS'!$F$52:$F$57=$B$54)*('FASE DE GRUPOS'!$E$52:$E$57<>"")) | D54: =SUMPRODUCT(('FASE DE GRUPOS'!$C$52:$C$57=$B$54)*('FASE DE GRUPOS'!$D$52:$D$57>'FASE DE GRUPOS'!$E$52:$E$57)*('FASE DE GRUPOS'!$D$52:$D$57<>""))+SUMPRODUCT(('FASE DE GRUPOS'!$F$52:$F$57=$B$54)*('FASE DE GRUPOS'!$E$52:$E$57>'FASE DE GRUPOS'!$D$52:$D$57)*('FASE DE GRUPOS'!$E$52:$E$57<>"")) | E54: =SUMPRODUCT(('FASE DE GRUPOS'!$C$52:$C$57=$B$54)*('FASE DE GRUPOS'!$D$52:$D$57='FASE DE GRUPOS'!$E$52:$E$57)*('FASE DE GRUPOS'!$D$52:$D$57<>""))+SUMPRODUCT(('FASE DE GRUPOS'!$F$52:$F$57=$B$54)*('FASE DE GRUPOS'!$E$52:$E$57='FASE DE GRUPOS'!$D$52:$D$57)*('FASE DE GRUPOS'!$E$52:$E$57<>"")) | F54: =$C$54-$D$54-$E$54 | G54: =SUMPRODUCT(('FASE DE GRUPOS'!$C$52:$C$57=$B$54)*'FASE DE GRUPOS'!$D$52:$D$57)+SUMPRODUCT(('FASE DE GRUPOS'!$F$52:$F$57=$B$54)*'FASE DE GRUPOS'!$E$52:$E$57) | H54: =SUMPRODUCT(('FASE DE GRUPOS'!$C$52:$C$57=$B$54)*'FASE DE GRUPOS'!$E$52:$E$57)+SUMPRODUCT(('FASE DE GRUPOS'!$F$52:$F$57=$B$54)*'FASE DE GRUPOS'!$D$52:$D$57) | I54: =$G$54-$H$54 | J54: =3*$D$54+$E$54
A55: =1+SUMPRODUCT(($J$53:$J$56>$J$55)*1)+SUMPRODUCT(($J$53:$J$56=$J$55)*($I$53:$I$56>$I$55)*1)+SUMPRODUCT(($J$53:$J$56=$J$55)*($I$53:$I$56=$I$55)*($G$53:$G$56>$G$55)*1) | B55: Arabia Saudita | C55: =SUMPRODUCT(('FASE DE GRUPOS'!$C$52:$C$57=$B$55)*('FASE DE GRUPOS'!$D$52:$D$57<>""))+SUMPRODUCT(('FASE DE GRUPOS'!$F$52:$F$57=$B$55)*('FASE DE GRUPOS'!$E$52:$E$57<>"")) | D55: =SUMPRODUCT(('FASE DE GRUPOS'!$C$52:$C$57=$B$55)*('FASE DE GRUPOS'!$D$52:$D$57>'FASE DE GRUPOS'!$E$52:$E$57)*('FASE DE GRUPOS'!$D$52:$D$57<>""))+SUMPRODUCT(('FASE DE GRUPOS'!$F$52:$F$57=$B$55)*('FASE DE GRUPOS'!$E$52:$E$57>'FASE DE GRUPOS'!$D$52:$D$57)*('FASE DE GRUPOS'!$E$52:$E$57<>"")) | E55: =SUMPRODUCT(('FASE DE GRUPOS'!$C$52:$C$57=$B$55)*('FASE DE GRUPOS'!$D$52:$D$57='FASE DE GRUPOS'!$E$52:$E$57)*('FASE DE GRUPOS'!$D$52:$D$57<>""))+SUMPRODUCT(('FASE DE GRUPOS'!$F$52:$F$57=$B$55)*('FASE DE GRUPOS'!$E$52:$E$57='FASE DE GRUPOS'!$D$52:$D$57)*('FASE DE GRUPOS'!$E$52:$E$57<>"")) | F55: =$C$55-$D$55-$E$55 | G55: =SUMPRODUCT(('FASE DE GRUPOS'!$C$52:$C$57=$B$55)*'FASE DE GRUPOS'!$D$52:$D$57)+SUMPRODUCT(('FASE DE GRUPOS'!$F$52:$F$57=$B$55)*'FASE DE GRUPOS'!$E$52:$E$57) | H55: =SUMPRODUCT(('FASE DE GRUPOS'!$C$52:$C$57=$B$55)*'FASE DE GRUPOS'!$E$52:$E$57)+SUMPRODUCT(('FASE DE GRUPOS'!$F$52:$F$57=$B$55)*'FASE DE GRUPOS'!$D$52:$D$57) | I55: =$G$55-$H$55 | J55: =3*$D$55+$E$55
A56: =1+SUMPRODUCT(($J$53:$J$56>$J$56)*1)+SUMPRODUCT(($J$53:$J$56=$J$56)*($I$53:$I$56>$I$56)*1)+SUMPRODUCT(($J$53:$J$56=$J$56)*($I$53:$I$56=$I$56)*($G$53:$G$56>$G$56)*1) | B56: Uruguay | C56: =SUMPRODUCT(('FASE DE GRUPOS'!$C$52:$C$57=$B$56)*('FASE DE GRUPOS'!$D$52:$D$57<>""))+SUMPRODUCT(('FASE DE GRUPOS'!$F$52:$F$57=$B$56)*('FASE DE GRUPOS'!$E$52:$E$57<>"")) | D56: =SUMPRODUCT(('FASE DE GRUPOS'!$C$52:$C$57=$B$56)*('FASE DE GRUPOS'!$D$52:$D$57>'FASE DE GRUPOS'!$E$52:$E$57)*('FASE DE GRUPOS'!$D$52:$D$57<>""))+SUMPRODUCT(('FASE DE GRUPOS'!$F$52:$F$57=$B$56)*('FASE DE GRUPOS'!$E$52:$E$57>'FASE DE GRUPOS'!$D$52:$D$57)*('FASE DE GRUPOS'!$E$52:$E$57<>"")) | E56: =SUMPRODUCT(('FASE DE GRUPOS'!$C$52:$C$57=$B$56)*('FASE DE GRUPOS'!$D$52:$D$57='FASE DE GRUPOS'!$E$52:$E$57)*('FASE DE GRUPOS'!$D$52:$D$57<>""))+SUMPRODUCT(('FASE DE GRUPOS'!$F$52:$F$57=$B$56)*('FASE DE GRUPOS'!$E$52:$E$57='FASE DE GRUPOS'!$D$52:$D$57)*('FASE DE GRUPOS'!$E$52:$E$57<>"")) | F56: =$C$56-$D$56-$E$56 | G56: =SUMPRODUCT(('FASE DE GRUPOS'!$C$52:$C$57=$B$56)*'FASE DE GRUPOS'!$D$52:$D$57)+SUMPRODUCT(('FASE DE GRUPOS'!$F$52:$F$57=$B$56)*'FASE DE GRUPOS'!$E$52:$E$57) | H56: =SUMPRODUCT(('FASE DE GRUPOS'!$C$52:$C$57=$B$56)*'FASE DE GRUPOS'!$E$52:$E$57)+SUMPRODUCT(('FASE DE GRUPOS'!$F$52:$F$57=$B$56)*'FASE DE GRUPOS'!$D$52:$D$57) | I56: =$G$56-$H$56 | J56: =3*$D$56+$E$56
A58: GRUPO I
A59: POS | B59: EQUIPO | C59: PJ | D59: G | E59: E | F59: P | G59: GF | H59: GC | I59: DIF | J59: PTS
A60: =1+SUMPRODUCT(($J$60:$J$63>$J$60)*1)+SUMPRODUCT(($J$60:$J$63=$J$60)*($I$60:$I$63>$I$60)*1)+SUMPRODUCT(($J$60:$J$63=$J$60)*($I$60:$I$63=$I$60)*($G$60:$G$63>$G$60)*1) | B60: Francia | C60: =SUMPRODUCT(('FASE DE GRUPOS'!$C$59:$C$64=$B$60)*('FASE DE GRUPOS'!$D$59:$D$64<>""))+SUMPRODUCT(('FASE DE GRUPOS'!$F$59:$F$64=$B$60)*('FASE DE GRUPOS'!$E$59:$E$64<>"")) | D60: =SUMPRODUCT(('FASE DE GRUPOS'!$C$59:$C$64=$B$60)*('FASE DE GRUPOS'!$D$59:$D$64>'FASE DE GRUPOS'!$E$59:$E$64)*('FASE DE GRUPOS'!$D$59:$D$64<>""))+SUMPRODUCT(('FASE DE GRUPOS'!$F$59:$F$64=$B$60)*('FASE DE GRUPOS'!$E$59:$E$64>'FASE DE GRUPOS'!$D$59:$D$64)*('FASE DE GRUPOS'!$E$59:$E$64<>"")) | E60: =SUMPRODUCT(('FASE DE GRUPOS'!$C$59:$C$64=$B$60)*('FASE DE GRUPOS'!$D$59:$D$64='FASE DE GRUPOS'!$E$59:$E$64)*('FASE DE GRUPOS'!$D$59:$D$64<>""))+SUMPRODUCT(('FASE DE GRUPOS'!$F$59:$F$64=$B$60)*('FASE DE GRUPOS'!$E$59:$E$64='FASE DE GRUPOS'!$D$59:$D$64)*('FASE DE GRUPOS'!$E$59:$E$64<>"")) | F60: =$C$60-$D$60-$E$60 | G60: =SUMPRODUCT(('FASE DE GRUPOS'!$C$59:$C$64=$B$60)*'FASE DE GRUPOS'!$D$59:$D$64)+SUMPRODUCT(('FASE DE GRUPOS'!$F$59:$F$64=$B$60)*'FASE DE GRUPOS'!$E$59:$E$64) | H60: =SUMPRODUCT(('FASE DE GRUPOS'!$C$59:$C$64=$B$60)*'FASE DE GRUPOS'!$E$59:$E$64)+SUMPRODUCT(('FASE DE GRUPOS'!$F$59:$F$64=$B$60)*'FASE DE GRUPOS'!$D$59:$D$64) | I60: =$G$60-$H$60 | J60: =3*$D$60+$E$60
A61: =1+SUMPRODUCT(($J$60:$J$63>$J$61)*1)+SUMPRODUCT(($J$60:$J$63=$J$61)*($I$60:$I$63>$I$61)*1)+SUMPRODUCT(($J$60:$J$63=$J$61)*($I$60:$I$63=$I$61)*($G$60:$G$63>$G$61)*1) | B61: Senegal | C61: =SUMPRODUCT(('FASE DE GRUPOS'!$C$59:$C$64=$B$61)*('FASE DE GRUPOS'!$D$59:$D$64<>""))+SUMPRODUCT(('FASE DE GRUPOS'!$F$59:$F$64=$B$61)*('FASE DE GRUPOS'!$E$59:$E$64<>"")) | D61: =SUMPRODUCT(('FASE DE GRUPOS'!$C$59:$C$64=$B$61)*('FASE DE GRUPOS'!$D$59:$D$64>'FASE DE GRUPOS'!$E$59:$E$64)*('FASE DE GRUPOS'!$D$59:$D$64<>""))+SUMPRODUCT(('FASE DE GRUPOS'!$F$59:$F$64=$B$61)*('FASE DE GRUPOS'!$E$59:$E$64>'FASE DE GRUPOS'!$D$59:$D$64)*('FASE DE GRUPOS'!$E$59:$E$64<>"")) | E61: =SUMPRODUCT(('FASE DE GRUPOS'!$C$59:$C$64=$B$61)*('FASE DE GRUPOS'!$D$59:$D$64='FASE DE GRUPOS'!$E$59:$E$64)*('FASE DE GRUPOS'!$D$59:$D$64<>""))+SUMPRODUCT(('FASE DE GRUPOS'!$F$59:$F$64=$B$61)*('FASE DE GRUPOS'!$E$59:$E$64='FASE DE GRUPOS'!$D$59:$D$64)*('FASE DE GRUPOS'!$E$59:$E$64<>"")) | F61: =$C$61-$D$61-$E$61 | G61: =SUMPRODUCT(('FASE DE GRUPOS'!$C$59:$C$64=$B$61)*'FASE DE GRUPOS'!$D$59:$D$64)+SUMPRODUCT(('FASE DE GRUPOS'!$F$59:$F$64=$B$61)*'FASE DE GRUPOS'!$E$59:$E$64) | H61: =SUMPRODUCT(('FASE DE GRUPOS'!$C$59:$C$64=$B$61)*'FASE DE GRUPOS'!$E$59:$E$64)+SUMPRODUCT(('FASE DE GRUPOS'!$F$59:$F$64=$B$61)*'FASE DE GRUPOS'!$D$59:$D$64) | I61: =$G$61-$H$61 | J61: =3*$D$61+$E$61
A62: =1+SUMPRODUCT(($J$60:$J$63>$J$62)*1)+SUMPRODUCT(($J$60:$J$63=$J$62)*($I$60:$I$63>$I$62)*1)+SUMPRODUCT(($J$60:$J$63=$J$62)*($I$60:$I$63=$I$62)*($G$60:$G$63>$G$62)*1) | B62: Irak | C62: =SUMPRODUCT(('FASE DE GRUPOS'!$C$59:$C$64=$B$62)*('FASE DE GRUPOS'!$D$59:$D$64<>""))+SUMPRODUCT(('FASE DE GRUPOS'!$F$59:$F$64=$B$62)*('FASE DE GRUPOS'!$E$59:$E$64<>"")) | D62: =SUMPRODUCT(('FASE DE GRUPOS'!$C$59:$C$64=$B$62)*('FASE DE GRUPOS'!$D$59:$D$64>'FASE DE GRUPOS'!$E$59:$E$64)*('FASE DE GRUPOS'!$D$59:$D$64<>""))+SUMPRODUCT(('FASE DE GRUPOS'!$F$59:$F$64=$B$62)*('FASE DE GRUPOS'!$E$59:$E$64>'FASE DE GRUPOS'!$D$59:$D$64)*('FASE DE GRUPOS'!$E$59:$E$64<>"")) | E62: =SUMPRODUCT(('FASE DE GRUPOS'!$C$59:$C$64=$B$62)*('FASE DE GRUPOS'!$D$59:$D$64='FASE DE GRUPOS'!$E$59:$E$64)*('FASE DE GRUPOS'!$D$59:$D$64<>""))+SUMPRODUCT(('FASE DE GRUPOS'!$F$59:$F$64=$B$62)*('FASE DE GRUPOS'!$E$59:$E$64='FASE DE GRUPOS'!$D$59:$D$64)*('FASE DE GRUPOS'!$E$59:$E$64<>"")) | F62: =$C$62-$D$62-$E$62 | G62: =SUMPRODUCT(('FASE DE GRUPOS'!$C$59:$C$64=$B$62)*'FASE DE GRUPOS'!$D$59:$D$64)+SUMPRODUCT(('FASE DE GRUPOS'!$F$59:$F$64=$B$62)*'FASE DE GRUPOS'!$E$59:$E$64) | H62: =SUMPRODUCT(('FASE DE GRUPOS'!$C$59:$C$64=$B$62)*'FASE DE GRUPOS'!$E$59:$E$64)+SUMPRODUCT(('FASE DE GRUPOS'!$F$59:$F$64=$B$62)*'FASE DE GRUPOS'!$D$59:$D$64) | I62: =$G$62-$H$62 | J62: =3*$D$62+$E$62
A63: =1+SUMPRODUCT(($J$60:$J$63>$J$63)*1)+SUMPRODUCT(($J$60:$J$63=$J$63)*($I$60:$I$63>$I$63)*1)+SUMPRODUCT(($J$60:$J$63=$J$63)*($I$60:$I$63=$I$63)*($G$60:$G$63>$G$63)*1) | B63: Noruega | C63: =SUMPRODUCT(('FASE DE GRUPOS'!$C$59:$C$64=$B$63)*('FASE DE GRUPOS'!$D$59:$D$64<>""))+SUMPRODUCT(('FASE DE GRUPOS'!$F$59:$F$64=$B$63)*('FASE DE GRUPOS'!$E$59:$E$64<>"")) | D63: =SUMPRODUCT(('FASE DE GRUPOS'!$C$59:$C$64=$B$63)*('FASE DE GRUPOS'!$D$59:$D$64>'FASE DE GRUPOS'!$E$59:$E$64)*('FASE DE GRUPOS'!$D$59:$D$64<>""))+SUMPRODUCT(('FASE DE GRUPOS'!$F$59:$F$64=$B$63)*('FASE DE GRUPOS'!$E$59:$E$64>'FASE DE GRUPOS'!$D$59:$D$64)*('FASE DE GRUPOS'!$E$59:$E$64<>"")) | E63: =SUMPRODUCT(('FASE DE GRUPOS'!$C$59:$C$64=$B$63)*('FASE DE GRUPOS'!$D$59:$D$64='FASE DE GRUPOS'!$E$59:$E$64)*('FASE DE GRUPOS'!$D$59:$D$64<>""))+SUMPRODUCT(('FASE DE GRUPOS'!$F$59:$F$64=$B$63)*('FASE DE GRUPOS'!$E$59:$E$64='FASE DE GRUPOS'!$D$59:$D$64)*('FASE DE GRUPOS'!$E$59:$E$64<>"")) | F63: =$C$63-$D$63-$E$63 | G63: =SUMPRODUCT(('FASE DE GRUPOS'!$C$59:$C$64=$B$63)*'FASE DE GRUPOS'!$D$59:$D$64)+SUMPRODUCT(('FASE DE GRUPOS'!$F$59:$F$64=$B$63)*'FASE DE GRUPOS'!$E$59:$E$64) | H63: =SUMPRODUCT(('FASE DE GRUPOS'!$C$59:$C$64=$B$63)*'FASE DE GRUPOS'!$E$59:$E$64)+SUMPRODUCT(('FASE DE GRUPOS'!$F$59:$F$64=$B$63)*'FASE DE GRUPOS'!$D$59:$D$64) | I63: =$G$63-$H$63 | J63: =3*$D$63+$E$63
A65: GRUPO J
A66: POS | B66: EQUIPO | C66: PJ | D66: G | E66: E | F66: P | G66: GF | H66: GC | I66: DIF | J66: PTS
A67: =1+SUMPRODUCT(($J$67:$J$70>$J$67)*1)+SUMPRODUCT(($J$67:$J$70=$J$67)*($I$67:$I$70>$I$67)*1)+SUMPRODUCT(($J$67:$J$70=$J$67)*($I$67:$I$70=$I$67)*($G$67:$G$70>$G$67)*1) | B67: Argentina | C67: =SUMPRODUCT(('FASE DE GRUPOS'!$C$66:$C$71=$B$67)*('FASE DE GRUPOS'!$D$66:$D$71<>""))+SUMPRODUCT(('FASE DE GRUPOS'!$F$66:$F$71=$B$67)*('FASE DE GRUPOS'!$E$66:$E$71<>"")) | D67: =SUMPRODUCT(('FASE DE GRUPOS'!$C$66:$C$71=$B$67)*('FASE DE GRUPOS'!$D$66:$D$71>'FASE DE GRUPOS'!$E$66:$E$71)*('FASE DE GRUPOS'!$D$66:$D$71<>""))+SUMPRODUCT(('FASE DE GRUPOS'!$F$66:$F$71=$B$67)*('FASE DE GRUPOS'!$E$66:$E$71>'FASE DE GRUPOS'!$D$66:$D$71)*('FASE DE GRUPOS'!$E$66:$E$71<>"")) | E67: =SUMPRODUCT(('FASE DE GRUPOS'!$C$66:$C$71=$B$67)*('FASE DE GRUPOS'!$D$66:$D$71='FASE DE GRUPOS'!$E$66:$E$71)*('FASE DE GRUPOS'!$D$66:$D$71<>""))+SUMPRODUCT(('FASE DE GRUPOS'!$F$66:$F$71=$B$67)*('FASE DE GRUPOS'!$E$66:$E$71='FASE DE GRUPOS'!$D$66:$D$71)*('FASE DE GRUPOS'!$E$66:$E$71<>"")) | F67: =$C$67-$D$67-$E$67 | G67: =SUMPRODUCT(('FASE DE GRUPOS'!$C$66:$C$71=$B$67)*'FASE DE GRUPOS'!$D$66:$D$71)+SUMPRODUCT(('FASE DE GRUPOS'!$F$66:$F$71=$B$67)*'FASE DE GRUPOS'!$E$66:$E$71) | H67: =SUMPRODUCT(('FASE DE GRUPOS'!$C$66:$C$71=$B$67)*'FASE DE GRUPOS'!$E$66:$E$71)+SUMPRODUCT(('FASE DE GRUPOS'!$F$66:$F$71=$B$67)*'FASE DE GRUPOS'!$D$66:$D$71) | I67: =$G$67-$H$67 | J67: =3*$D$67+$E$67
A68: =1+SUMPRODUCT(($J$67:$J$70>$J$68)*1)+SUMPRODUCT(($J$67:$J$70=$J$68)*($I$67:$I$70>$I$68)*1)+SUMPRODUCT(($J$67:$J$70=$J$68)*($I$67:$I$70=$I$68)*($G$67:$G$70>$G$68)*1) | B68: Argelia | C68: =SUMPRODUCT(('FASE DE GRUPOS'!$C$66:$C$71=$B$68)*('FASE DE GRUPOS'!$D$66:$D$71<>""))+SUMPRODUCT(('FASE DE GRUPOS'!$F$66:$F$71=$B$68)*('FASE DE GRUPOS'!$E$66:$E$71<>"")) | D68: =SUMPRODUCT(('FASE DE GRUPOS'!$C$66:$C$71=$B$68)*('FASE DE GRUPOS'!$D$66:$D$71>'FASE DE GRUPOS'!$E$66:$E$71)*('FASE DE GRUPOS'!$D$66:$D$71<>""))+SUMPRODUCT(('FASE DE GRUPOS'!$F$66:$F$71=$B$68)*('FASE DE GRUPOS'!$E$66:$E$71>'FASE DE GRUPOS'!$D$66:$D$71)*('FASE DE GRUPOS'!$E$66:$E$71<>"")) | E68: =SUMPRODUCT(('FASE DE GRUPOS'!$C$66:$C$71=$B$68)*('FASE DE GRUPOS'!$D$66:$D$71='FASE DE GRUPOS'!$E$66:$E$71)*('FASE DE GRUPOS'!$D$66:$D$71<>""))+SUMPRODUCT(('FASE DE GRUPOS'!$F$66:$F$71=$B$68)*('FASE DE GRUPOS'!$E$66:$E$71='FASE DE GRUPOS'!$D$66:$D$71)*('FASE DE GRUPOS'!$E$66:$E$71<>"")) | F68: =$C$68-$D$68-$E$68 | G68: =SUMPRODUCT(('FASE DE GRUPOS'!$C$66:$C$71=$B$68)*'FASE DE GRUPOS'!$D$66:$D$71)+SUMPRODUCT(('FASE DE GRUPOS'!$F$66:$F$71=$B$68)*'FASE DE GRUPOS'!$E$66:$E$71) | H68: =SUMPRODUCT(('FASE DE GRUPOS'!$C$66:$C$71=$B$68)*'FASE DE GRUPOS'!$E$66:$E$71)+SUMPRODUCT(('FASE DE GRUPOS'!$F$66:$F$71=$B$68)*'FASE DE GRUPOS'!$D$66:$D$71) | I68: =$G$68-$H$68 | J68: =3*$D$68+$E$68
A69: =1+SUMPRODUCT(($J$67:$J$70>$J$69)*1)+SUMPRODUCT(($J$67:$J$70=$J$69)*($I$67:$I$70>$I$69)*1)+SUMPRODUCT(($J$67:$J$70=$J$69)*($I$67:$I$70=$I$69)*($G$67:$G$70>$G$69)*1) | B69: Austria | C69: =SUMPRODUCT(('FASE DE GRUPOS'!$C$66:$C$71=$B$69)*('FASE DE GRUPOS'!$D$66:$D$71<>""))+SUMPRODUCT(('FASE DE GRUPOS'!$F$66:$F$71=$B$69)*('FASE DE GRUPOS'!$E$66:$E$71<>"")) | D69: =SUMPRODUCT(('FASE DE GRUPOS'!$C$66:$C$71=$B$69)*('FASE DE GRUPOS'!$D$66:$D$71>'FASE DE GRUPOS'!$E$66:$E$71)*('FASE DE GRUPOS'!$D$66:$D$71<>""))+SUMPRODUCT(('FASE DE GRUPOS'!$F$66:$F$71=$B$69)*('FASE DE GRUPOS'!$E$66:$E$71>'FASE DE GRUPOS'!$D$66:$D$71)*('FASE DE GRUPOS'!$E$66:$E$71<>"")) | E69: =SUMPRODUCT(('FASE DE GRUPOS'!$C$66:$C$71=$B$69)*('FASE DE GRUPOS'!$D$66:$D$71='FASE DE GRUPOS'!$E$66:$E$71)*('FASE DE GRUPOS'!$D$66:$D$71<>""))+SUMPRODUCT(('FASE DE GRUPOS'!$F$66:$F$71=$B$69)*('FASE DE GRUPOS'!$E$66:$E$71='FASE DE GRUPOS'!$D$66:$D$71)*('FASE DE GRUPOS'!$E$66:$E$71<>"")) | F69: =$C$69-$D$69-$E$69 | G69: =SUMPRODUCT(('FASE DE GRUPOS'!$C$66:$C$71=$B$69)*'FASE DE GRUPOS'!$D$66:$D$71)+SUMPRODUCT(('FASE DE GRUPOS'!$F$66:$F$71=$B$69)*'FASE DE GRUPOS'!$E$66:$E$71) | H69: =SUMPRODUCT(('FASE DE GRUPOS'!$C$66:$C$71=$B$69)*'FASE DE GRUPOS'!$E$66:$E$71)+SUMPRODUCT(('FASE DE GRUPOS'!$F$66:$F$71=$B$69)*'FASE DE GRUPOS'!$D$66:$D$71) | I69: =$G$69-$H$69 | J69: =3*$D$69+$E$69
A70: =1+SUMPRODUCT(($J$67:$J$70>$J$70)*1)+SUMPRODUCT(($J$67:$J$70=$J$70)*($I$67:$I$70>$I$70)*1)+SUMPRODUCT(($J$67:$J$70=$J$70)*($I$67:$I$70=$I$70)*($G$67:$G$70>$G$70)*1) | B70: Jordania | C70: =SUMPRODUCT(('FASE DE GRUPOS'!$C$66:$C$71=$B$70)*('FASE DE GRUPOS'!$D$66:$D$71<>""))+SUMPRODUCT(('FASE DE GRUPOS'!$F$66:$F$71=$B$70)*('FASE DE GRUPOS'!$E$66:$E$71<>"")) | D70: =SUMPRODUCT(('FASE DE GRUPOS'!$C$66:$C$71=$B$70)*('FASE DE GRUPOS'!$D$66:$D$71>'FASE DE GRUPOS'!$E$66:$E$71)*('FASE DE GRUPOS'!$D$66:$D$71<>""))+SUMPRODUCT(('FASE DE GRUPOS'!$F$66:$F$71=$B$70)*('FASE DE GRUPOS'!$E$66:$E$71>'FASE DE GRUPOS'!$D$66:$D$71)*('FASE DE GRUPOS'!$E$66:$E$71<>"")) | E70: =SUMPRODUCT(('FASE DE GRUPOS'!$C$66:$C$71=$B$70)*('FASE DE GRUPOS'!$D$66:$D$71='FASE DE GRUPOS'!$E$66:$E$71)*('FASE DE GRUPOS'!$D$66:$D$71<>""))+SUMPRODUCT(('FASE DE GRUPOS'!$F$66:$F$71=$B$70)*('FASE DE GRUPOS'!$E$66:$E$71='FASE DE GRUPOS'!$D$66:$D$71)*('FASE DE GRUPOS'!$E$66:$E$71<>"")) | F70: =$C$70-$D$70-$E$70 | G70: =SUMPRODUCT(('FASE DE GRUPOS'!$C$66:$C$71=$B$70)*'FASE DE GRUPOS'!$D$66:$D$71)+SUMPRODUCT(('FASE DE GRUPOS'!$F$66:$F$71=$B$70)*'FASE DE GRUPOS'!$E$66:$E$71) | H70: =SUMPRODUCT(('FASE DE GRUPOS'!$C$66:$C$71=$B$70)*'FASE DE GRUPOS'!$E$66:$E$71)+SUMPRODUCT(('FASE DE GRUPOS'!$F$66:$F$71=$B$70)*'FASE DE GRUPOS'!$D$66:$D$71) | I70: =$G$70-$H$70 | J70: =3*$D$70+$E$70
A72: GRUPO K
A73: POS | B73: EQUIPO | C73: PJ | D73: G | E73: E | F73: P | G73: GF | H73: GC | I73: DIF | J73: PTS
A74: =1+SUMPRODUCT(($J$74:$J$77>$J$74)*1)+SUMPRODUCT(($J$74:$J$77=$J$74)*($I$74:$I$77>$I$74)*1)+SUMPRODUCT(($J$74:$J$77=$J$74)*($I$74:$I$77=$I$74)*($G$74:$G$77>$G$74)*1) | B74: Portugal | C74: =SUMPRODUCT(('FASE DE GRUPOS'!$C$73:$C$78=$B$74)*('FASE DE GRUPOS'!$D$73:$D$78<>""))+SUMPRODUCT(('FASE DE GRUPOS'!$F$73:$F$78=$B$74)*('FASE DE GRUPOS'!$E$73:$E$78<>"")) | D74: =SUMPRODUCT(('FASE DE GRUPOS'!$C$73:$C$78=$B$74)*('FASE DE GRUPOS'!$D$73:$D$78>'FASE DE GRUPOS'!$E$73:$E$78)*('FASE DE GRUPOS'!$D$73:$D$78<>""))+SUMPRODUCT(('FASE DE GRUPOS'!$F$73:$F$78=$B$74)*('FASE DE GRUPOS'!$E$73:$E$78>'FASE DE GRUPOS'!$D$73:$D$78)*('FASE DE GRUPOS'!$E$73:$E$78<>"")) | E74: =SUMPRODUCT(('FASE DE GRUPOS'!$C$73:$C$78=$B$74)*('FASE DE GRUPOS'!$D$73:$D$78='FASE DE GRUPOS'!$E$73:$E$78)*('FASE DE GRUPOS'!$D$73:$D$78<>""))+SUMPRODUCT(('FASE DE GRUPOS'!$F$73:$F$78=$B$74)*('FASE DE GRUPOS'!$E$73:$E$78='FASE DE GRUPOS'!$D$73:$D$78)*('FASE DE GRUPOS'!$E$73:$E$78<>"")) | F74: =$C$74-$D$74-$E$74 | G74: =SUMPRODUCT(('FASE DE GRUPOS'!$C$73:$C$78=$B$74)*'FASE DE GRUPOS'!$D$73:$D$78)+SUMPRODUCT(('FASE DE GRUPOS'!$F$73:$F$78=$B$74)*'FASE DE GRUPOS'!$E$73:$E$78) | H74: =SUMPRODUCT(('FASE DE GRUPOS'!$C$73:$C$78=$B$74)*'FASE DE GRUPOS'!$E$73:$E$78)+SUMPRODUCT(('FASE DE GRUPOS'!$F$73:$F$78=$B$74)*'FASE DE GRUPOS'!$D$73:$D$78) | I74: =$G$74-$H$74 | J74: =3*$D$74+$E$74
A75: =1+SUMPRODUCT(($J$74:$J$77>$J$75)*1)+SUMPRODUCT(($J$74:$J$77=$J$75)*($I$74:$I$77>$I$75)*1)+SUMPRODUCT(($J$74:$J$77=$J$75)*($I$74:$I$77=$I$75)*($G$74:$G$77>$G$75)*1) | B75: RD Congo | C75: =SUMPRODUCT(('FASE DE GRUPOS'!$C$73:$C$78=$B$75)*('FASE DE GRUPOS'!$D$73:$D$78<>""))+SUMPRODUCT(('FASE DE GRUPOS'!$F$73:$F$78=$B$75)*('FASE DE GRUPOS'!$E$73:$E$78<>"")) | D75: =SUMPRODUCT(('FASE DE GRUPOS'!$C$73:$C$78=$B$75)*('FASE DE GRUPOS'!$D$73:$D$78>'FASE DE GRUPOS'!$E$73:$E$78)*('FASE DE GRUPOS'!$D$73:$D$78<>""))+SUMPRODUCT(('FASE DE GRUPOS'!$F$73:$F$78=$B$75)*('FASE DE GRUPOS'!$E$73:$E$78>'FASE DE GRUPOS'!$D$73:$D$78)*('FASE DE GRUPOS'!$E$73:$E$78<>"")) | E75: =SUMPRODUCT(('FASE DE GRUPOS'!$C$73:$C$78=$B$75)*('FASE DE GRUPOS'!$D$73:$D$78='FASE DE GRUPOS'!$E$73:$E$78)*('FASE DE GRUPOS'!$D$73:$D$78<>""))+SUMPRODUCT(('FASE DE GRUPOS'!$F$73:$F$78=$B$75)*('FASE DE GRUPOS'!$E$73:$E$78='FASE DE GRUPOS'!$D$73:$D$78)*('FASE DE GRUPOS'!$E$73:$E$78<>"")) | F75: =$C$75-$D$75-$E$75 | G75: =SUMPRODUCT(('FASE DE GRUPOS'!$C$73:$C$78=$B$75)*'FASE DE GRUPOS'!$D$73:$D$78)+SUMPRODUCT(('FASE DE GRUPOS'!$F$73:$F$78=$B$75)*'FASE DE GRUPOS'!$E$73:$E$78) | H75: =SUMPRODUCT(('FASE DE GRUPOS'!$C$73:$C$78=$B$75)*'FASE DE GRUPOS'!$E$73:$E$78)+SUMPRODUCT(('FASE DE GRUPOS'!$F$73:$F$78=$B$75)*'FASE DE GRUPOS'!$D$73:$D$78) | I75: =$G$75-$H$75 | J75: =3*$D$75+$E$75
A76: =1+SUMPRODUCT(($J$74:$J$77>$J$76)*1)+SUMPRODUCT(($J$74:$J$77=$J$76)*($I$74:$I$77>$I$76)*1)+SUMPRODUCT(($J$74:$J$77=$J$76)*($I$74:$I$77=$I$76)*($G$74:$G$77>$G$76)*1) | B76: Uzbekistán | C76: =SUMPRODUCT(('FASE DE GRUPOS'!$C$73:$C$78=$B$76)*('FASE DE GRUPOS'!$D$73:$D$78<>""))+SUMPRODUCT(('FASE DE GRUPOS'!$F$73:$F$78=$B$76)*('FASE DE GRUPOS'!$E$73:$E$78<>"")) | D76: =SUMPRODUCT(('FASE DE GRUPOS'!$C$73:$C$78=$B$76)*('FASE DE GRUPOS'!$D$73:$D$78>'FASE DE GRUPOS'!$E$73:$E$78)*('FASE DE GRUPOS'!$D$73:$D$78<>""))+SUMPRODUCT(('FASE DE GRUPOS'!$F$73:$F$78=$B$76)*('FASE DE GRUPOS'!$E$73:$E$78>'FASE DE GRUPOS'!$D$73:$D$78)*('FASE DE GRUPOS'!$E$73:$E$78<>"")) | E76: =SUMPRODUCT(('FASE DE GRUPOS'!$C$73:$C$78=$B$76)*('FASE DE GRUPOS'!$D$73:$D$78='FASE DE GRUPOS'!$E$73:$E$78)*('FASE DE GRUPOS'!$D$73:$D$78<>""))+SUMPRODUCT(('FASE DE GRUPOS'!$F$73:$F$78=$B$76)*('FASE DE GRUPOS'!$E$73:$E$78='FASE DE GRUPOS'!$D$73:$D$78)*('FASE DE GRUPOS'!$E$73:$E$78<>"")) | F76: =$C$76-$D$76-$E$76 | G76: =SUMPRODUCT(('FASE DE GRUPOS'!$C$73:$C$78=$B$76)*'FASE DE GRUPOS'!$D$73:$D$78)+SUMPRODUCT(('FASE DE GRUPOS'!$F$73:$F$78=$B$76)*'FASE DE GRUPOS'!$E$73:$E$78) | H76: =SUMPRODUCT(('FASE DE GRUPOS'!$C$73:$C$78=$B$76)*'FASE DE GRUPOS'!$E$73:$E$78)+SUMPRODUCT(('FASE DE GRUPOS'!$F$73:$F$78=$B$76)*'FASE DE GRUPOS'!$D$73:$D$78) | I76: =$G$76-$H$76 | J76: =3*$D$76+$E$76
A77: =1+SUMPRODUCT(($J$74:$J$77>$J$77)*1)+SUMPRODUCT(($J$74:$J$77=$J$77)*($I$74:$I$77>$I$77)*1)+SUMPRODUCT(($J$74:$J$77=$J$77)*($I$74:$I$77=$I$77)*($G$74:$G$77>$G$77)*1) | B77: Colombia | C77: =SUMPRODUCT(('FASE DE GRUPOS'!$C$73:$C$78=$B$77)*('FASE DE GRUPOS'!$D$73:$D$78<>""))+SUMPRODUCT(('FASE DE GRUPOS'!$F$73:$F$78=$B$77)*('FASE DE GRUPOS'!$E$73:$E$78<>"")) | D77: =SUMPRODUCT(('FASE DE GRUPOS'!$C$73:$C$78=$B$77)*('FASE DE GRUPOS'!$D$73:$D$78>'FASE DE GRUPOS'!$E$73:$E$78)*('FASE DE GRUPOS'!$D$73:$D$78<>""))+SUMPRODUCT(('FASE DE GRUPOS'!$F$73:$F$78=$B$77)*('FASE DE GRUPOS'!$E$73:$E$78>'FASE DE GRUPOS'!$D$73:$D$78)*('FASE DE GRUPOS'!$E$73:$E$78<>"")) | E77: =SUMPRODUCT(('FASE DE GRUPOS'!$C$73:$C$78=$B$77)*('FASE DE GRUPOS'!$D$73:$D$78='FASE DE GRUPOS'!$E$73:$E$78)*('FASE DE GRUPOS'!$D$73:$D$78<>""))+SUMPRODUCT(('FASE DE GRUPOS'!$F$73:$F$78=$B$77)*('FASE DE GRUPOS'!$E$73:$E$78='FASE DE GRUPOS'!$D$73:$D$78)*('FASE DE GRUPOS'!$E$73:$E$78<>"")) | F77: =$C$77-$D$77-$E$77 | G77: =SUMPRODUCT(('FASE DE GRUPOS'!$C$73:$C$78=$B$77)*'FASE DE GRUPOS'!$D$73:$D$78)+SUMPRODUCT(('FASE DE GRUPOS'!$F$73:$F$78=$B$77)*'FASE DE GRUPOS'!$E$73:$E$78) | H77: =SUMPRODUCT(('FASE DE GRUPOS'!$C$73:$C$78=$B$77)*'FASE DE GRUPOS'!$E$73:$E$78)+SUMPRODUCT(('FASE DE GRUPOS'!$F$73:$F$78=$B$77)*'FASE DE GRUPOS'!$D$73:$D$78) | I77: =$G$77-$H$77 | J77: =3*$D$77+$E$77
A79: GRUPO L
A80: POS | B80: EQUIPO | C80: PJ | D80: G | E80: E | F80: P | G80: GF | H80: GC | I80: DIF | J80: PTS
A81: =1+SUMPRODUCT(($J$81:$J$84>$J$81)*1)+SUMPRODUCT(($J$81:$J$84=$J$81)*($I$81:$I$84>$I$81)*1)+SUMPRODUCT(($J$81:$J$84=$J$81)*($I$81:$I$84=$I$81)*($G$81:$G$84>$G$81)*1) | B81: Inglaterra | C81: =SUMPRODUCT(('FASE DE GRUPOS'!$C$80:$C$85=$B$81)*('FASE DE GRUPOS'!$D$80:$D$85<>""))+SUMPRODUCT(('FASE DE GRUPOS'!$F$80:$F$85=$B$81)*('FASE DE GRUPOS'!$E$80:$E$85<>"")) | D81: =SUMPRODUCT(('FASE DE GRUPOS'!$C$80:$C$85=$B$81)*('FASE DE GRUPOS'!$D$80:$D$85>'FASE DE GRUPOS'!$E$80:$E$85)*('FASE DE GRUPOS'!$D$80:$D$85<>""))+SUMPRODUCT(('FASE DE GRUPOS'!$F$80:$F$85=$B$81)*('FASE DE GRUPOS'!$E$80:$E$85>'FASE DE GRUPOS'!$D$80:$D$85)*('FASE DE GRUPOS'!$E$80:$E$85<>"")) | E81: =SUMPRODUCT(('FASE DE GRUPOS'!$C$80:$C$85=$B$81)*('FASE DE GRUPOS'!$D$80:$D$85='FASE DE GRUPOS'!$E$80:$E$85)*('FASE DE GRUPOS'!$D$80:$D$85<>""))+SUMPRODUCT(('FASE DE GRUPOS'!$F$80:$F$85=$B$81)*('FASE DE GRUPOS'!$E$80:$E$85='FASE DE GRUPOS'!$D$80:$D$85)*('FASE DE GRUPOS'!$E$80:$E$85<>"")) | F81: =$C$81-$D$81-$E$81 | G81: =SUMPRODUCT(('FASE DE GRUPOS'!$C$80:$C$85=$B$81)*'FASE DE GRUPOS'!$D$80:$D$85)+SUMPRODUCT(('FASE DE GRUPOS'!$F$80:$F$85=$B$81)*'FASE DE GRUPOS'!$E$80:$E$85) | H81: =SUMPRODUCT(('FASE DE GRUPOS'!$C$80:$C$85=$B$81)*'FASE DE GRUPOS'!$E$80:$E$85)+SUMPRODUCT(('FASE DE GRUPOS'!$F$80:$F$85=$B$81)*'FASE DE GRUPOS'!$D$80:$D$85) | I81: =$G$81-$H$81 | J81: =3*$D$81+$E$81
A82: =1+SUMPRODUCT(($J$81:$J$84>$J$82)*1)+SUMPRODUCT(($J$81:$J$84=$J$82)*($I$81:$I$84>$I$82)*1)+SUMPRODUCT(($J$81:$J$84=$J$82)*($I$81:$I$84=$I$82)*($G$81:$G$84>$G$82)*1) | B82: Croacia | C82: =SUMPRODUCT(('FASE DE GRUPOS'!$C$80:$C$85=$B$82)*('FASE DE GRUPOS'!$D$80:$D$85<>""))+SUMPRODUCT(('FASE DE GRUPOS'!$F$80:$F$85=$B$82)*('FASE DE GRUPOS'!$E$80:$E$85<>"")) | D82: =SUMPRODUCT(('FASE DE GRUPOS'!$C$80:$C$85=$B$82)*('FASE DE GRUPOS'!$D$80:$D$85>'FASE DE GRUPOS'!$E$80:$E$85)*('FASE DE GRUPOS'!$D$80:$D$85<>""))+SUMPRODUCT(('FASE DE GRUPOS'!$F$80:$F$85=$B$82)*('FASE DE GRUPOS'!$E$80:$E$85>'FASE DE GRUPOS'!$D$80:$D$85)*('FASE DE GRUPOS'!$E$80:$E$85<>"")) | E82: =SUMPRODUCT(('FASE DE GRUPOS'!$C$80:$C$85=$B$82)*('FASE DE GRUPOS'!$D$80:$D$85='FASE DE GRUPOS'!$E$80:$E$85)*('FASE DE GRUPOS'!$D$80:$D$85<>""))+SUMPRODUCT(('FASE DE GRUPOS'!$F$80:$F$85=$B$82)*('FASE DE GRUPOS'!$E$80:$E$85='FASE DE GRUPOS'!$D$80:$D$85)*('FASE DE GRUPOS'!$E$80:$E$85<>"")) | F82: =$C$82-$D$82-$E$82 | G82: =SUMPRODUCT(('FASE DE GRUPOS'!$C$80:$C$85=$B$82)*'FASE DE GRUPOS'!$D$80:$D$85)+SUMPRODUCT(('FASE DE GRUPOS'!$F$80:$F$85=$B$82)*'FASE DE GRUPOS'!$E$80:$E$85) | H82: =SUMPRODUCT(('FASE DE GRUPOS'!$C$80:$C$85=$B$82)*'FASE DE GRUPOS'!$E$80:$E$85)+SUMPRODUCT(('FASE DE GRUPOS'!$F$80:$F$85=$B$82)*'FASE DE GRUPOS'!$D$80:$D$85) | I82: =$G$82-$H$82 | J82: =3*$D$82+$E$82
A83: =1+SUMPRODUCT(($J$81:$J$84>$J$83)*1)+SUMPRODUCT(($J$81:$J$84=$J$83)*($I$81:$I$84>$I$83)*1)+SUMPRODUCT(($J$81:$J$84=$J$83)*($I$81:$I$84=$I$83)*($G$81:$G$84>$G$83)*1) | B83: Ghana | C83: =SUMPRODUCT(('FASE DE GRUPOS'!$C$80:$C$85=$B$83)*('FASE DE GRUPOS'!$D$80:$D$85<>""))+SUMPRODUCT(('FASE DE GRUPOS'!$F$80:$F$85=$B$83)*('FASE DE GRUPOS'!$E$80:$E$85<>"")) | D83: =SUMPRODUCT(('FASE DE GRUPOS'!$C$80:$C$85=$B$83)*('FASE DE GRUPOS'!$D$80:$D$85>'FASE DE GRUPOS'!$E$80:$E$85)*('FASE DE GRUPOS'!$D$80:$D$85<>""))+SUMPRODUCT(('FASE DE GRUPOS'!$F$80:$F$85=$B$83)*('FASE DE GRUPOS'!$E$80:$E$85>'FASE DE GRUPOS'!$D$80:$D$85)*('FASE DE GRUPOS'!$E$80:$E$85<>"")) | E83: =SUMPRODUCT(('FASE DE GRUPOS'!$C$80:$C$85=$B$83)*('FASE DE GRUPOS'!$D$80:$D$85='FASE DE GRUPOS'!$E$80:$E$85)*('FASE DE GRUPOS'!$D$80:$D$85<>""))+SUMPRODUCT(('FASE DE GRUPOS'!$F$80:$F$85=$B$83)*('FASE DE GRUPOS'!$E$80:$E$85='FASE DE GRUPOS'!$D$80:$D$85)*('FASE DE GRUPOS'!$E$80:$E$85<>"")) | F83: =$C$83-$D$83-$E$83 | G83: =SUMPRODUCT(('FASE DE GRUPOS'!$C$80:$C$85=$B$83)*'FASE DE GRUPOS'!$D$80:$D$85)+SUMPRODUCT(('FASE DE GRUPOS'!$F$80:$F$85=$B$83)*'FASE DE GRUPOS'!$E$80:$E$85) | H83: =SUMPRODUCT(('FASE DE GRUPOS'!$C$80:$C$85=$B$83)*'FASE DE GRUPOS'!$E$80:$E$85)+SUMPRODUCT(('FASE DE GRUPOS'!$F$80:$F$85=$B$83)*'FASE DE GRUPOS'!$D$80:$D$85) | I83: =$G$83-$H$83 | J83: =3*$D$83+$E$83
A84: =1+SUMPRODUCT(($J$81:$J$84>$J$84)*1)+SUMPRODUCT(($J$81:$J$84=$J$84)*($I$81:$I$84>$I$84)*1)+SUMPRODUCT(($J$81:$J$84=$J$84)*($I$81:$I$84=$I$84)*($G$81:$G$84>$G$84)*1) | B84: Panamá | C84: =SUMPRODUCT(('FASE DE GRUPOS'!$C$80:$C$85=$B$84)*('FASE DE GRUPOS'!$D$80:$D$85<>""))+SUMPRODUCT(('FASE DE GRUPOS'!$F$80:$F$85=$B$84)*('FASE DE GRUPOS'!$E$80:$E$85<>"")) | D84: =SUMPRODUCT(('FASE DE GRUPOS'!$C$80:$C$85=$B$84)*('FASE DE GRUPOS'!$D$80:$D$85>'FASE DE GRUPOS'!$E$80:$E$85)*('FASE DE GRUPOS'!$D$80:$D$85<>""))+SUMPRODUCT(('FASE DE GRUPOS'!$F$80:$F$85=$B$84)*('FASE DE GRUPOS'!$E$80:$E$85>'FASE DE GRUPOS'!$D$80:$D$85)*('FASE DE GRUPOS'!$E$80:$E$85<>"")) | E84: =SUMPRODUCT(('FASE DE GRUPOS'!$C$80:$C$85=$B$84)*('FASE DE GRUPOS'!$D$80:$D$85='FASE DE GRUPOS'!$E$80:$E$85)*('FASE DE GRUPOS'!$D$80:$D$85<>""))+SUMPRODUCT(('FASE DE GRUPOS'!$F$80:$F$85=$B$84)*('FASE DE GRUPOS'!$E$80:$E$85='FASE DE GRUPOS'!$D$80:$D$85)*('FASE DE GRUPOS'!$E$80:$E$85<>"")) | F84: =$C$84-$D$84-$E$84 | G84: =SUMPRODUCT(('FASE DE GRUPOS'!$C$80:$C$85=$B$84)*'FASE DE GRUPOS'!$D$80:$D$85)+SUMPRODUCT(('FASE DE GRUPOS'!$F$80:$F$85=$B$84)*'FASE DE GRUPOS'!$E$80:$E$85) | H84: =SUMPRODUCT(('FASE DE GRUPOS'!$C$80:$C$85=$B$84)*'FASE DE GRUPOS'!$E$80:$E$85)+SUMPRODUCT(('FASE DE GRUPOS'!$F$80:$F$85=$B$84)*'FASE DE GRUPOS'!$D$80:$D$85) | I84: =$G$84-$H$84 | J84: =3*$D$84+$E$84

Sheet ELIMINATORIAS
A1: P# | B1: FASE | C1: LOCAL | E1: VISITANTE | F1: Fecha (Col) | G1: Estadio
A2: 73 | B2: 16avos | C2: 2º Gpo A | D2: vs | E2: 2º Gpo B | F2: dom 28 jun · 2:00 PM | G2: Los Angeles Stadium
A3: 76 | B3: 16avos | C3: 1º Gpo C | D3: vs | E3: 2º Gpo F | F3: lun 29 jun · 12:00 PM | G3: Houston Stadium
A4: 74 | B4: 16avos | C4: 1º Gpo E | D4: vs | E4: 3º de A/B/C/D/F | F4: lun 29 jun · 3:30 PM | G4: Boston Stadium
A5: 75 | B5: 16avos | C5: 1º Gpo F | D5: vs | E5: 2º Gpo C | F5: lun 29 jun · 8:00 PM | G5: Monterrey Stadium
A6: 78 | B6: 16avos | C6: 2º Gpo E | D6: vs | E6: 2º Gpo I | F6: mar 30 jun · 12:00 PM | G6: Dallas Stadium
A7: 77 | B7: 16avos | C7: 1º Gpo I | D7: vs | E7: 3º de C/D/F/G/H | F7: mar 30 jun · 4:00 PM | G7: New York/New Jersey Stadium
A8: 79 | B8: 16avos | C8: 1º Gpo A | D8: vs | E8: 3º de C/E/F/H/I | F8: mar 30 jun · 8:00 PM | G8: Mexico City Stadium
A9: 80 | B9: 16avos | C9: 1º Gpo L | D9: vs | E9: 3º de E/H/I/J/K | F9: mié 1 jul · 11:00 AM | G9: Atlanta Stadium
A10: 82 | B10: 16avos | C10: 1º Gpo G | D10: vs | E10: 3º de A/E/H/I/J | F10: mié 1 jul · 3:00 PM | G10: Seattle Stadium
A11: 81 | B11: 16avos | C11: 1º Gpo D | D11: vs | E11: 3º de B/E/F/I/J | F11: mié 1 jul · 7:00 PM | G11: San Francisco Bay Area Stadium
A12: 84 | B12: 16avos | C12: 1º Gpo H | D12: vs | E12: 2º Gpo J | F12: jue 2 jul · 2:00 PM | G12: Los Angeles Stadium
A13: 83 | B13: 16avos | C13: 2º Gpo K | D13: vs | E13: 2º Gpo L | F13: jue 2 jul · 6:00 PM | G13: Toronto Stadium
... A33: 104 | B33: Final/3º | C33: To be announced | D33: vs | E33: To be announced | F33: dom 19 jul · 2:00 PM | G33: New York/New Jersey Stadium
